패치,라인,챔피언(한국어),챔피언(영어),챔피언ID,라인내순위,전체순위,순위변동,티어,OP픽,꿀픽,게임수,픽률(%),밴률(%),승률(%),OP점수,꿀픽점수,업데이트시각
26.14,탑,갱플랭크,Gangplank,41,1,9,2,S,False,False,3267,6.98,13.09,50.9,55.64,10.15,2026-07-24 00:44:48+00:00
26.14,탑,잭스,Jax,24,2,10,-1,S,False,False,3279,7.01,18.15,49.86,55.51,1.93,2026-07-24 00:44:49+00:00
26.14,탑,베인,Vayne,67,3,14,2,S,False,False,3302,7.06,13.34,50.21,55.12,4.65,2026-07-24 00:44:49+00:00
26.14,탑,요네,Yone,777,4,21,6,S,False,False,4271,9.13,7.18,50.5,54.47,8.28,2026-07-24 00:44:49+00:00
26.14,탑,크산테,K'Sante,897,5,24,14,S,False,False,4093,8.75,6.72,49.82,54.37,1.76,2026-07-24 00:44:49+00:00
26.14,탑,피오라,Fiora,114,6,26,-2,S,False,False,2080,4.45,7.91,52.02,54.07,11.45,2026-07-24 00:44:49+00:00
26.14,탑,이렐리아,Irelia,39,7,33,-1,A,False,False,2446,5.23,18.94,49.3,53.29,-1.93,2026-07-24 00:44:50+00:00
26.14,탑,제이스,Jayce,126,8,34,-6,A,False,False,5395,11.53,30.17,47.67,53.28,-27.57,2026-07-24 00:44:48+00:00
26.14,탑,레넥톤,Renekton,58,9,39,20,A,False,False,2672,5.71,4.93,50.07,53.05,2.67,2026-07-24 00:44:49+00:00
26.14,탑,올라프,Olaf,2,10,42,-1,A,False,False,2080,4.45,4.35,51.25,52.53,7.48,2026-07-24 00:44:51+00:00
26.14,탑,말파이트,Malphite,54,11,49,0,A,False,False,2195,4.69,7.74,49.57,52.22,-0.31,2026-07-24 00:44:51+00:00
26.14,탑,암베사,Ambessa,799,12,56,-5,A,False,False,4592,9.81,5.72,48.37,51.92,-12.94,2026-07-24 00:44:51+00:00
26.14,탑,뽀삐,Poppy,78,13,64,13,A,False,False,529,1.13,21.65,52.74,51.69,3.62,2026-07-24 00:44:50+00:00
26.14,탑,신지드,Singed,27,14,72,2,A,False,False,1201,2.57,1.4,52.96,51.48,8.61,2026-07-24 00:44:48+00:00
26.14,탑,야스오,Yasuo,157,15,74,-3,A,False,False,1562,3.34,10.72,49.87,51.42,0.84,2026-07-24 00:44:49+00:00
26.14,탑,카밀,Camille,164,16,76,12,A,False,False,554,1.18,53.49,55.42,51.27,7.09,2026-07-24 00:44:48+00:00
26.14,탑,티모,Teemo,17,17,78,-9,A,False,False,1144,2.44,3.15,52.27,51.26,6.64,2026-07-24 00:44:50+00:00
26.14,탑,애니비아,Anivia,34,19,82,6,A,False,False,699,1.49,2.47,53.65,51.07,6.05,2026-07-24 00:44:51+00:00
26.14,탑,트린다미어,Tryndamere,23,20,84,13,A,False,False,912,1.95,1.43,53.4,51.05,7.43,2026-07-24 00:44:50+00:00
26.14,탑,판테온,Pantheon,80,21,87,1,A,False,False,1319,2.82,2.32,51.86,50.87,6.31,2026-07-24 00:44:51+00:00
26.14,탑,요릭,Yorick,83,22,92,-4,B,False,False,1588,3.39,5.05,49.06,50.61,-2.04,2026-07-24 00:44:50+00:00
26.14,탑,럼블,Rumble,68,23,93,0,B,False,False,1492,3.19,6.11,48.79,50.61,-2.81,2026-07-24 00:44:50+00:00
26.14,탑,카시오페아,Cassiopeia,69,24,94,19,B,False,False,467,1.0,3.82,53.96,50.6,4.35,2026-07-24 00:44:51+00:00
26.14,탑,아트록스,Aatrox,266,25,97,2,B,False,False,2734,5.84,2.66,48.43,50.5,-7.18,2026-07-24 00:44:51+00:00
26.14,탑,아칼리,Akali,84,26,98,11,B,False,False,1071,2.29,17.11,49.3,50.48,-0.78,2026-07-24 00:44:49+00:00
26.14,탑,워윅,Warwick,19,27,107,-6,B,False,False,754,1.61,0.4,53.58,50.26,6.39,2026-07-24 00:44:50+00:00
26.14,탑,문도 박사,Dr. Mundo,36,28,110,-11,B,False,False,2912,6.22,1.56,48.39,50.2,-7.84,2026-07-24 00:44:50+00:00
26.14,탑,나르,Gnar,150,29,115,-15,B,False,False,2645,5.65,3.54,48.13,50.1,-8.78,2026-07-24 00:44:51+00:00
26.14,탑,클레드,Kled,240,31,122,9,B,False,False,870,1.86,0.34,50.8,49.87,2.19,2026-07-24 00:44:51+00:00
26.14,탑,퀸,Quinn,133,32,125,9,B,False,False,341,0.73,0.22,56.89,49.68,5.3,2026-07-24 00:44:51+00:00
26.14,탑,리븐,Riven,92,33,131,-9,B,False,False,1016,2.17,0.28,50.39,49.53,1.67,2026-07-24 00:44:48+00:00
26.14,탑,오른,Ornn,516,34,132,-3,B,False,False,953,2.04,0.06,50.16,49.51,1.08,2026-07-24 00:44:51+00:00
26.14,탑,그라가스,Gragas,79,36,136,21,B,False,False,1009,2.16,0.15,50.15,49.43,1.12,2026-07-24 00:44:51+00:00
26.14,탑,사이온,Sion,14,37,140,7,B,False,False,2028,4.33,1.15,48.62,49.32,-4.41,2026-07-24 00:44:51+00:00
26.14,탑,케넨,Kennen,85,38,158,-6,C,False,False,716,1.53,1.62,50.0,48.94,0.58,2026-07-24 00:44:51+00:00
26.14,탑,자헨,Zaahen,904,39,163,-19,C,False,False,1545,3.3,0.5,48.87,48.82,-2.52,2026-07-24 00:44:49+00:00
26.14,탑,그웬,Gwen,887,40,164,-1,C,False,False,675,1.44,0.61,50.07,48.79,0.65,2026-07-24 00:44:50+00:00
26.14,탑,세트,Sett,875,41,168,13,C,False,False,796,1.7,0.22,50.25,48.61,1.06,2026-07-24 00:44:50+00:00
26.14,탑,사일러스,Sylas,517,42,169,0,C,False,False,667,1.43,23.56,49.63,48.56,0.0,2026-07-24 00:44:49+00:00
26.14,탑,일라오이,Illaoi,420,44,172,-8,C,False,False,794,1.7,0.6,49.62,48.47,-0.01,2026-07-24 00:44:51+00:00
26.14,탑,케일,Kayle,10,46,178,9,C,False,False,420,0.9,0.09,51.43,48.33,1.62,2026-07-24 00:44:51+00:00
26.14,탑,우르곳,Urgot,6,47,180,-12,C,False,False,524,1.12,0.09,50.19,48.31,0.63,2026-07-24 00:44:51+00:00
26.14,탑,블라디미르,Vladimir,8,48,182,5,C,False,False,746,1.59,1.55,49.33,48.27,-0.48,2026-07-24 00:44:50+00:00
26.14,탑,초가스,Cho'Gath,31,49,185,-2,C,False,False,368,0.79,0.14,51.9,48.14,1.79,2026-07-24 00:44:51+00:00
26.14,탑,하이머딩거,Heimerdinger,74,50,188,2,C,False,False,549,1.17,1.08,50.82,48.1,1.41,2026-07-24 00:44:51+00:00
26.14,탑,쉔,Shen,98,51,200,-21,C,False,False,1100,2.35,0.98,48.36,47.53,-2.98,2026-07-24 00:44:51+00:00
26.14,탑,탐 켄치,Tahm Kench,223,52,203,-14,C,False,False,237,0.51,0.26,51.05,47.49,0.72,2026-07-24 00:44:51+00:00
26.14,탑,리산드라,Lissandra,127,53,204,-5,C,False,False,255,0.54,2.23,52.16,47.46,1.38,2026-07-24 00:44:50+00:00
26.14,탑,라이즈,Ryze,13,55,221,1,C,False,False,728,1.56,1.6,48.35,46.6,-1.99,2026-07-24 00:44:51+00:00
26.14,탑,신 짜오,Xin Zhao,5,56,222,8,C,False,False,288,0.62,1.05,50.35,46.59,0.44,2026-07-24 00:44:51+00:00
26.14,탑,오공,Wukong,62,57,233,2,C,False,False,325,0.69,0.73,48.31,45.94,-0.92,2026-07-24 00:44:51+00:00
26.14,탑,스웨인,Swain,50,58,243,3,D,False,False,523,1.12,0.5,47.04,44.8,-2.9,2026-07-24 00:44:51+00:00
26.14,탑,녹턴,Nocturne,56,59,244,-8,D,False,False,245,0.52,3.97,47.76,44.71,-0.98,2026-07-24 00:44:51+00:00
26.14,탑,오로라,Aurora,893,60,246,-10,D,False,False,346,0.74,0.93,47.4,44.37,-1.65,2026-07-24 00:44:51+00:00
26.14,탑,나서스,Nasus,75,61,248,-16,D,False,False,554,1.18,2.18,46.03,44.3,-4.3,2026-07-24 00:44:51+00:00
26.14,탑,볼리베어,Volibear,106,63,251,-5,D,False,False,411,0.88,0.3,46.23,43.97,-2.99,2026-07-24 00:44:51+00:00
26.14,탑,바루스,Varus,110,65,260,-3,D,False,False,454,0.97,1.18,44.71,41.81,-4.79,2026-07-24 00:44:49+00:00
26.14,탑,마오카이,Maokai,57,66,264,-3,D,False,False,244,0.52,0.1,40.98,37.16,-4.51,2026-07-24 00:44:51+00:00
26.14,정글,리 신,Lee Sin,64,1,1,0,S,True,False,12126,25.92,52.75,50.03,59.21,11.94,2026-07-24 00:44:48+00:00
26.14,정글,니달리,Nidalee,76,2,4,0,S,True,True,3791,8.1,14.33,55.0,56.41,48.77,2026-07-24 00:44:48+00:00
26.14,정글,나피리,Naafiri,950,3,22,0,S,False,False,4834,10.33,31.8,48.8,54.42,-14.41,2026-07-24 00:44:50+00:00
26.14,정글,벨베스,Bel'Veth,200,4,23,0,S,False,True,1725,3.69,8.86,55.48,54.38,22.74,2026-07-24 00:44:49+00:00
26.14,정글,그레이브즈,Graves,104,5,30,10,S,False,False,4709,10.06,5.09,50.39,53.63,6.19,2026-07-24 00:44:48+00:00
26.14,정글,헤카림,Hecarim,120,6,40,3,A,False,False,2944,6.29,3.33,51.29,52.77,9.65,2026-07-24 00:44:49+00:00
26.14,정글,사일러스,Sylas,517,7,43,-2,A,False,False,4709,10.06,23.56,48.65,52.51,-12.71,2026-07-24 00:44:49+00:00
26.14,정글,바이,Vi,254,8,51,5,A,False,False,3866,8.26,2.59,49.66,52.18,-1.23,2026-07-24 00:44:49+00:00
26.14,정글,카서스,Karthus,30,9,52,-1,A,False,False,979,2.09,5.93,54.24,52.08,9.7,2026-07-24 00:44:49+00:00
26.14,정글,렉사이,Rek'Sai,421,10,54,-4,A,False,False,1735,3.71,2.97,52.05,51.94,8.52,2026-07-24 00:44:49+00:00
26.14,정글,킨드레드,Kindred,203,11,55,3,A,False,False,2408,5.15,1.55,51.25,51.93,7.51,2026-07-24 00:44:50+00:00
26.14,정글,샤코,Shaco,35,12,62,4,A,False,False,960,2.05,10.02,51.67,51.72,4.03,2026-07-24 00:44:49+00:00
26.14,정글,키아나,Qiyana,246,13,67,-6,A,False,False,3338,7.13,7.42,49.19,51.61,-4.62,2026-07-24 00:44:49+00:00
26.14,정글,마스터 이,Master Yi,11,14,81,4,B,False,False,1596,3.41,2.3,50.81,51.09,3.49,2026-07-24 00:44:51+00:00
26.14,정글,자이라,Zyra,143,15,89,-5,B,False,False,825,1.76,3.56,53.82,50.78,7.19,2026-07-24 00:44:51+00:00
26.14,정글,누누와 윌럼프,Nunu & Willump,20,16,90,15,B,False,False,785,1.68,1.19,53.5,50.71,6.25,2026-07-24 00:44:51+00:00
26.14,정글,탈리야,Taliyah,163,18,102,3,B,False,False,835,1.78,0.63,53.17,50.39,6.02,2026-07-24 00:44:51+00:00
26.14,정글,오공,Wukong,62,19,104,8,B,False,False,1984,4.24,0.73,50.3,50.35,2.11,2026-07-24 00:44:50+00:00
26.14,정글,엘리스,Elise,60,20,111,0,B,False,False,902,1.93,4.15,51.33,50.16,2.98,2026-07-24 00:44:50+00:00
26.14,정글,신 짜오,Xin Zhao,5,21,117,-2,B,False,False,2999,6.41,1.05,48.88,50.06,-5.99,2026-07-24 00:44:51+00:00
26.14,정글,케인,Kayn,141,22,121,1,B,False,False,1105,2.36,0.15,51.31,49.88,3.56,2026-07-24 00:44:51+00:00
26.14,정글,렝가,Rengar,107,24,126,16,B,False,False,733,1.57,1.76,50.34,49.68,0.84,2026-07-24 00:44:51+00:00
26.14,정글,자르반 4세,Jarvan IV,59,25,127,0,B,False,False,3163,6.76,0.48,48.69,49.67,-7.61,2026-07-24 00:44:51+00:00
26.14,정글,녹턴,Nocturne,56,26,129,-9,B,False,False,2163,4.62,3.97,48.31,49.62,-7.16,2026-07-24 00:44:50+00:00
26.14,정글,로크,Locke,805,28,149,-16,B,False,False,1165,2.49,82.01,47.12,49.14,-8.02,2026-07-24 00:44:48+00:00
26.14,정글,탈론,Talon,91,29,150,-18,B,False,False,1950,4.17,3.41,48.36,49.05,-6.15,2026-07-24 00:44:50+00:00
26.14,정글,에코,Ekko,245,30,152,8,B,False,False,1420,3.03,0.51,49.3,49.03,-1.56,2026-07-24 00:44:49+00:00
26.14,정글,아이번,Ivern,427,32,165,7,B,False,False,403,0.86,0.4,52.61,48.64,2.42,2026-07-24 00:44:51+00:00
26.14,정글,자크,Zac,154,33,173,11,C,False,False,841,1.8,0.64,49.7,48.43,-0.19,2026-07-24 00:44:51+00:00
26.14,정글,제이스,Jayce,126,34,186,-10,C,False,False,2377,5.08,30.17,46.23,48.12,-19.75,2026-07-24 00:44:48+00:00
26.14,정글,암베사,Ambessa,799,35,187,12,C,False,False,992,2.12,5.72,48.79,48.11,-2.18,2026-07-24 00:44:51+00:00
26.14,정글,릴리아,Lillia,876,36,190,5,C,False,False,613,1.31,0.44,49.43,48.02,-0.5,2026-07-24 00:44:50+00:00
26.14,정글,피들스틱,Fiddlesticks,9,37,193,6,C,False,False,519,1.11,0.52,49.52,47.93,-0.32,2026-07-24 00:44:51+00:00
26.14,정글,카직스,Kha'Zix,121,38,199,-10,C,False,False,1578,3.37,1.27,47.78,47.59,-6.92,2026-07-24 00:44:49+00:00
26.14,정글,비에고,Viego,234,39,201,-2,C,False,False,3057,6.53,0.82,46.78,47.51,-19.95,2026-07-24 00:44:50+00:00
26.14,정글,나서스,Nasus,75,40,202,-18,C,False,False,849,1.81,2.18,48.29,47.5,-2.79,2026-07-24 00:44:49+00:00
26.14,정글,스카너,Skarner,72,41,211,-12,C,False,False,639,1.37,0.2,49.3,47.26,-0.7,2026-07-24 00:44:51+00:00
26.14,정글,잭스,Jax,24,42,215,7,C,False,False,354,0.76,18.15,48.59,46.94,-0.94,2026-07-24 00:44:50+00:00
26.14,정글,이블린,Evelynn,28,43,217,-9,C,False,False,559,1.19,0.44,48.48,46.7,-1.59,2026-07-24 00:44:51+00:00
26.14,정글,람머스,Rammus,33,44,227,-12,C,False,False,356,0.76,0.57,49.72,46.25,-0.07,2026-07-24 00:44:50+00:00
26.14,정글,뽀삐,Poppy,78,45,229,-10,C,False,False,634,1.35,21.65,46.69,46.08,-4.38,2026-07-24 00:44:51+00:00
26.14,정글,그웬,Gwen,887,46,231,2,C,False,False,297,0.63,0.61,49.83,45.98,0.01,2026-07-24 00:44:50+00:00
26.14,정글,워윅,Warwick,19,47,234,-21,C,False,False,481,1.03,0.4,48.23,45.88,-1.62,2026-07-24 00:44:51+00:00
26.14,정글,브라이어,Briar,233,48,237,-15,C,False,False,782,1.67,0.5,47.7,45.86,-3.54,2026-07-24 00:44:51+00:00
26.14,정글,퀸,Quinn,133,49,238,3,C,False,False,252,0.54,0.22,49.21,45.85,-0.32,2026-07-24 00:44:51+00:00
26.14,정글,우디르,Udyr,77,50,242,-14,D,False,False,261,0.56,0.08,49.04,44.93,-0.43,2026-07-24 00:44:49+00:00
26.14,정글,판테온,Pantheon,80,51,247,-5,D,False,False,751,1.61,2.32,45.54,44.37,-6.87,2026-07-24 00:44:51+00:00
26.14,정글,다이애나,Diana,131,52,256,-7,D,False,False,506,1.08,1.41,44.66,43.3,-5.58,2026-07-24 00:44:49+00:00
26.14,정글,제드,Zed,238,53,258,-2,D,False,False,316,0.68,12.15,45.25,42.99,-3.11,2026-07-24 00:44:49+00:00
26.14,미드,로크,Locke,805,1,2,0,S,True,True,3669,7.84,82.01,54.16,58.31,69.82,2026-07-24 00:44:48+00:00
26.14,미드,빅토르,Viktor,112,2,5,3,S,False,False,4967,10.62,19.8,50.17,56.34,2.93,2026-07-24 00:44:50+00:00
26.14,미드,르블랑,LeBlanc,7,3,11,4,A,False,False,1947,4.16,32.39,51.21,55.34,7.02,2026-07-24 00:44:50+00:00
26.14,미드,사일러스,Sylas,517,4,12,-1,A,False,False,5470,11.69,23.56,49.2,55.32,-9.41,2026-07-24 00:44:49+00:00
26.14,미드,트위스티드 페이트,Twisted Fate,4,5,13,1,A,False,True,4414,9.43,3.02,52.56,55.15,25.59,2026-07-24 00:44:50+00:00
26.14,미드,제드,Zed,238,6,16,4,A,False,False,2445,5.23,12.15,50.88,54.82,5.51,2026-07-24 00:44:48+00:00
26.14,미드,조이,Zoe,142,7,18,-5,A,False,False,1775,3.79,17.35,51.44,54.75,6.65,2026-07-24 00:44:50+00:00
26.14,미드,갈리오,Galio,3,8,19,0,A,False,False,4203,8.98,4.43,50.96,54.65,9.71,2026-07-24 00:44:49+00:00
26.14,미드,신드라,Syndra,134,9,20,-5,A,False,False,3815,8.15,15.39,49.88,54.62,-0.35,2026-07-24 00:44:48+00:00
26.14,미드,키아나,Qiyana,246,10,35,12,A,False,False,1635,3.49,7.42,53.09,53.19,11.32,2026-07-24 00:44:50+00:00
26.14,미드,아칼리,Akali,84,11,37,-2,A,False,False,3620,7.74,17.11,48.43,53.17,-13.33,2026-07-24 00:44:48+00:00
26.14,미드,카타리나,Katarina,55,12,38,-1,A,False,False,2408,5.15,3.6,51.29,53.13,7.27,2026-07-24 00:44:49+00:00
26.14,미드,피즈,Fizz,105,13,44,8,A,False,False,1681,3.59,1.52,51.81,52.47,6.88,2026-07-24 00:44:51+00:00
26.14,미드,탈론,Talon,91,14,46,1,A,False,False,1890,4.04,3.41,51.11,52.42,4.88,2026-07-24 00:44:50+00:00
26.14,미드,리산드라,Lissandra,127,15,47,-3,A,False,False,2121,4.53,2.23,50.73,52.4,3.73,2026-07-24 00:44:49+00:00
26.14,미드,아크샨,Akshan,166,16,48,13,A,False,False,1013,2.16,1.56,54.59,52.38,10.24,2026-07-24 00:44:51+00:00
26.14,미드,요네,Yone,777,17,58,13,B,False,False,4217,9.01,7.18,48.26,51.89,-15.55,2026-07-24 00:44:49+00:00
26.14,미드,오리아나,Orianna,61,18,59,13,B,False,False,2393,5.11,1.37,49.94,51.88,0.08,2026-07-24 00:44:51+00:00
26.14,미드,아리,Ahri,103,19,61,-3,B,False,False,2692,5.75,0.61,49.7,51.75,-1.27,2026-07-24 00:44:48+00:00
26.14,미드,애니비아,Anivia,34,20,66,4,B,False,False,1246,2.66,2.47,51.52,51.67,4.32,2026-07-24 00:44:51+00:00
26.14,미드,벡스,Vex,711,21,68,-7,B,False,False,1078,2.3,2.85,51.86,51.61,4.57,2026-07-24 00:44:50+00:00
26.14,미드,카시오페아,Cassiopeia,69,22,69,3,B,False,False,1406,3.0,3.82,51.42,51.58,4.6,2026-07-24 00:44:49+00:00
26.14,미드,흐웨이,Hwei,910,23,71,-10,B,False,False,1945,4.16,2.33,49.92,51.54,0.0,2026-07-24 00:44:51+00:00
26.14,미드,다이애나,Diana,131,24,77,8,B,False,False,1711,3.66,1.41,50.73,51.26,2.99,2026-07-24 00:44:49+00:00
26.14,미드,제이스,Jayce,126,25,91,-2,B,False,False,927,1.98,30.17,49.08,50.64,-1.72,2026-07-24 00:44:49+00:00
26.14,미드,애니,Annie,1,26,96,7,B,False,False,766,1.64,0.25,52.35,50.51,3.98,2026-07-24 00:44:51+00:00
26.14,미드,럭스,Lux,99,27,105,21,B,False,False,596,1.27,0.24,53.86,50.34,5.02,2026-07-24 00:44:51+00:00
26.14,미드,에코,Ekko,245,28,112,-8,B,False,False,1153,2.46,0.51,50.22,50.15,0.73,2026-07-24 00:44:50+00:00
26.14,미드,블라디미르,Vladimir,8,29,114,5,B,False,False,998,2.13,1.55,50.5,50.11,1.24,2026-07-24 00:44:51+00:00
26.14,미드,아우렐리온 솔,Aurelion Sol,136,30,120,11,B,False,False,541,1.16,0.2,53.05,49.91,3.62,2026-07-24 00:44:51+00:00
26.14,미드,신지드,Singed,27,31,133,-14,C,False,False,518,1.11,1.4,53.09,49.46,3.52,2026-07-24 00:44:50+00:00
26.14,미드,나피리,Naafiri,950,32,142,-4,C,False,False,520,1.11,31.8,50.77,49.24,0.97,2026-07-24 00:44:49+00:00
26.14,미드,야스오,Yasuo,157,33,145,-15,C,False,False,2840,6.07,10.72,46.87,49.19,-19.71,2026-07-24 00:44:49+00:00
26.14,미드,제라스,Xerath,101,34,153,-15,C,False,False,1121,2.4,48.13,48.08,49.01,-4.68,2026-07-24 00:44:48+00:00
26.14,미드,라이즈,Ryze,13,35,159,5,C,False,False,2485,5.31,1.6,47.57,48.92,-12.67,2026-07-24 00:44:49+00:00
26.14,미드,말자하,Malzahar,90,36,162,9,C,False,False,842,1.8,0.46,49.17,48.82,-1.36,2026-07-24 00:44:50+00:00
26.14,미드,암베사,Ambessa,799,37,167,7,C,False,False,455,0.97,5.72,51.87,48.61,1.9,2026-07-24 00:44:51+00:00
26.14,미드,카사딘,Kassadin,38,38,171,5,C,False,False,650,1.39,0.18,49.38,48.51,-0.75,2026-07-24 00:44:51+00:00
26.14,미드,트리스타나,Tristana,18,39,184,12,C,False,False,897,1.92,3.27,48.49,48.16,-2.76,2026-07-24 00:44:50+00:00
26.14,미드,스웨인,Swain,50,40,189,7,C,False,False,360,0.77,0.5,48.89,48.1,-0.8,2026-07-24 00:44:51+00:00
26.14,미드,누누와 윌럼프,Nunu & Willump,20,41,191,-14,C,False,False,379,0.81,1.19,50.13,48.0,0.17,2026-07-24 00:44:51+00:00
26.14,미드,오로라,Aurora,893,42,194,-4,C,False,False,1674,3.58,0.93,47.43,47.91,-8.98,2026-07-24 00:44:49+00:00
26.14,미드,베이가,Veigar,45,43,206,-6,C,False,False,399,0.85,0.19,50.38,47.43,0.39,2026-07-24 00:44:51+00:00
26.14,미드,이렐리아,Irelia,39,44,207,-9,C,False,False,1143,2.44,18.94,46.19,47.42,-9.67,2026-07-24 00:44:50+00:00
26.14,미드,아지르,Azir,268,45,209,8,C,False,False,790,1.69,0.32,48.1,47.38,-3.08,2026-07-24 00:44:51+00:00
26.14,미드,초가스,Cho'Gath,31,46,213,4,C,False,False,308,0.66,0.14,49.68,47.12,-0.16,2026-07-24 00:44:51+00:00
26.14,미드,판테온,Pantheon,80,47,219,-1,C,False,False,644,1.38,2.32,47.36,46.67,-3.53,2026-07-24 00:44:51+00:00
26.14,미드,탈리야,Taliyah,163,48,220,-9,C,False,False,1030,2.2,0.63,46.89,46.64,-6.68,2026-07-24 00:44:51+00:00
26.14,미드,사이온,Sion,14,49,224,-7,C,False,False,575,1.23,1.15,47.83,46.43,-2.58,2026-07-24 00:44:51+00:00
26.14,미드,트린다미어,Tryndamere,23,50,226,-14,C,False,False,248,0.53,1.43,48.39,46.4,-0.82,2026-07-24 00:44:50+00:00
26.14,미드,코르키,Corki,42,53,245,-1,D,False,False,679,1.45,0.08,45.66,44.38,-6.19,2026-07-24 00:44:50+00:00
26.14,미드,멜,Mel,800,54,265,-5,D,False,False,647,1.38,30.87,39.26,36.81,-15.4,2026-07-24 00:44:49+00:00
26.14,바텀,제라스,Xerath,101,1,6,7,S,True,False,7747,16.56,48.13,49.58,56.33,-3.52,2026-07-24 00:44:49+00:00
26.14,바텀,빅토르,Viktor,112,2,25,19,S,False,False,4672,9.98,19.8,51.18,54.3,16.18,2026-07-24 00:44:49+00:00
26.14,바텀,신드라,Syndra,134,3,28,6,S,False,False,4302,9.19,15.39,50.0,53.84,2.91,2026-07-24 00:44:49+00:00
26.14,바텀,진,Jhin,202,4,36,2,S,False,False,7656,16.36,0.75,50.47,53.18,12.56,2026-07-24 00:44:49+00:00
26.14,바텀,직스,Ziggs,115,5,41,-1,A,False,False,5129,10.96,8.9,49.05,52.65,-7.83,2026-07-24 00:44:49+00:00
26.14,바텀,카이사,Kai'Sa,145,6,45,7,A,False,False,5279,11.28,0.51,50.94,52.46,13.94,2026-07-24 00:44:50+00:00
26.14,바텀,유나라,Yunara,804,7,53,10,A,False,False,5704,12.19,1.19,49.84,52.01,1.65,2026-07-24 00:44:50+00:00
26.14,바텀,세나,Senna,235,8,63,-7,A,False,False,1776,3.8,7.22,51.35,51.7,6.46,2026-07-24 00:44:48+00:00
26.14,바텀,세라핀,Seraphine,147,9,65,7,A,False,False,2358,5.04,3.52,51.74,51.68,10.42,2026-07-24 00:44:50+00:00
26.14,바텀,트리스타나,Tristana,18,10,70,-8,A,False,False,2385,5.1,3.27,50.44,51.58,3.82,2026-07-24 00:44:49+00:00
26.14,바텀,제리,Zeri,221,11,79,0,A,False,False,2236,4.78,0.4,52.46,51.16,13.2,2026-07-24 00:44:48+00:00
26.14,바텀,아펠리오스,Aphelios,523,12,83,7,A,False,False,2616,5.59,0.86,49.96,51.06,1.43,2026-07-24 00:44:50+00:00
26.14,바텀,케이틀린,Caitlyn,51,13,85,-1,A,False,False,3354,7.17,5.55,48.51,50.89,-9.09,2026-07-24 00:44:51+00:00
26.14,바텀,이즈리얼,Ezreal,81,14,88,13,A,False,False,6502,13.9,9.5,47.28,50.83,-37.12,2026-07-24 00:44:49+00:00
26.14,바텀,시비르,Sivir,15,15,95,-5,B,False,False,2348,5.02,2.44,49.87,50.55,0.84,2026-07-24 00:44:51+00:00
26.14,바텀,흐웨이,Hwei,910,16,100,4,B,False,False,1633,3.49,2.33,51.32,50.43,5.67,2026-07-24 00:44:51+00:00
26.14,바텀,루시안,Lucian,236,17,103,-2,B,False,False,3295,7.04,2.3,48.98,50.35,-5.22,2026-07-24 00:44:49+00:00
26.14,바텀,드레이븐,Draven,119,18,106,-11,B,False,False,953,2.04,4.99,51.63,50.3,4.09,2026-07-24 00:44:51+00:00
26.14,바텀,미스 포츈,Miss Fortune,21,19,108,13,B,False,False,2513,5.37,0.26,49.82,50.22,0.61,2026-07-24 00:44:51+00:00
26.14,바텀,징크스,Jinx,222,20,109,-15,B,False,False,1539,3.29,0.19,51.33,50.21,5.35,2026-07-24 00:44:51+00:00
26.14,바텀,애쉬,Ashe,22,21,128,-18,C,False,False,1719,3.67,1.77,49.97,49.66,0.98,2026-07-24 00:44:51+00:00
26.14,바텀,자야,Xayah,498,22,138,-8,C,False,False,1111,2.37,0.18,52.57,49.42,6.8,2026-07-24 00:44:51+00:00
26.14,바텀,스웨인,Swain,50,23,139,6,C,False,False,770,1.65,0.5,51.56,49.35,3.05,2026-07-24 00:44:50+00:00
26.14,바텀,벨코즈,Vel'Koz,161,24,141,15,C,False,False,871,1.86,0.75,50.17,49.24,0.87,2026-07-24 00:44:51+00:00
26.14,바텀,카시오페아,Cassiopeia,69,27,147,-4,C,False,False,915,1.96,3.82,50.82,49.18,2.2,2026-07-24 00:44:51+00:00
26.14,바텀,베인,Vayne,67,28,157,9,C,False,False,440,0.94,13.34,51.36,48.94,1.58,2026-07-24 00:44:49+00:00
26.14,바텀,아우렐리온 솔,Aurelion Sol,136,29,160,-1,C,False,False,310,0.66,0.2,56.45,48.9,4.47,2026-07-24 00:44:51+00:00
26.14,바텀,탈리야,Taliyah,163,30,166,1,C,False,False,1199,2.56,0.63,49.79,48.63,0.21,2026-07-24 00:44:51+00:00
26.14,바텀,트위치,Twitch,29,31,179,4,C,False,False,493,1.05,0.17,50.3,48.33,0.63,2026-07-24 00:44:51+00:00
26.14,바텀,베이가,Veigar,45,32,192,-7,C,False,False,432,0.92,0.19,51.85,47.98,1.98,2026-07-24 00:44:51+00:00
26.14,바텀,코그모,Kog'Maw,96,33,195,-9,C,False,False,565,1.21,0.14,52.04,47.86,2.81,2026-07-24 00:44:51+00:00
26.14,바텀,칼리스타,Kalista,429,35,198,-17,C,False,False,662,1.41,0.22,49.85,47.62,0.2,2026-07-24 00:44:51+00:00
26.14,바텀,멜,Mel,800,36,205,-3,C,False,False,3618,7.73,30.87,44.72,47.45,-50.52,2026-07-24 00:44:50+00:00
26.14,바텀,코르키,Corki,42,37,208,-7,C,False,False,899,1.92,0.08,48.83,47.41,-1.68,2026-07-24 00:44:51+00:00
26.14,바텀,야스오,Yasuo,157,38,240,-4,C,False,False,733,1.57,10.72,46.93,45.19,-4.42,2026-07-24 00:44:50+00:00
26.14,바텀,블라디미르,Vladimir,8,40,252,-14,D,False,False,566,1.21,1.55,45.76,43.96,-4.79,2026-07-24 00:44:51+00:00
26.14,바텀,바루스,Varus,110,41,253,-1,D,False,False,579,1.24,1.18,46.11,43.83,-4.48,2026-07-24 00:44:50+00:00
26.14,바텀,사미라,Samira,360,42,257,-20,D,False,False,527,1.13,0.2,45.35,43.07,-4.92,2026-07-24 00:44:51+00:00
26.14,바텀,스몰더,Smolder,901,43,263,-5,D,False,False,257,0.55,0.1,41.63,38.39,-4.44,2026-07-24 00:44:51+00:00
26.14,서폿,카밀,Camille,164,1,3,2,S,True,True,8280,17.7,53.49,50.35,57.87,25.48,2026-07-24 00:44:49+00:00
26.14,서폿,파이크,Pyke,555,2,7,6,S,True,True,4514,9.65,55.83,50.55,56.21,20.1,2026-07-24 00:44:48+00:00
26.14,서폿,뽀삐,Poppy,78,3,8,2,S,False,True,2791,5.96,21.65,56.07,55.81,45.33,2026-07-24 00:44:50+00:00
26.14,서폿,바드,Bard,432,4,15,0,S,False,False,5972,12.76,9.7,49.43,54.94,-2.75,2026-07-24 00:44:48+00:00
26.14,서폿,노틸러스,Nautilus,111,5,17,-4,S,False,False,6189,13.23,9.7,49.73,54.79,1.58,2026-07-24 00:44:49+00:00
26.14,서폿,레오나,Leona,89,6,27,4,A,False,True,3875,8.28,3.23,52.1,53.88,21.2,2026-07-24 00:44:50+00:00
26.14,서폿,렐,Rell,526,7,29,4,A,False,True,3341,7.14,1.24,54.27,53.66,33.54,2026-07-24 00:44:50+00:00
26.14,서폿,블리츠크랭크,Blitzcrank,53,8,31,-2,A,False,False,3425,7.32,9.93,49.37,53.56,-2.06,2026-07-24 00:44:50+00:00
26.14,서폿,쓰레쉬,Thresh,412,9,32,-7,A,False,False,3960,8.46,5.23,50.13,53.41,4.47,2026-07-24 00:44:49+00:00
26.14,서폿,판테온,Pantheon,80,10,50,7,A,False,False,3939,8.42,2.32,50.75,52.18,9.59,2026-07-24 00:44:50+00:00
26.14,서폿,세나,Senna,235,11,57,-2,A,False,False,1963,4.2,7.22,51.6,51.91,8.63,2026-07-24 00:44:49+00:00
26.14,서폿,엘리스,Elise,60,12,60,2,A,False,False,1320,2.82,4.15,53.94,51.84,12.47,2026-07-24 00:44:50+00:00
26.14,서폿,알리스타,Alistar,12,13,73,-1,A,False,False,2852,6.1,1.41,49.72,51.47,0.58,2026-07-24 00:44:49+00:00
26.14,서폿,룰루,Lulu,117,14,75,-1,A,False,False,2903,6.2,2.64,49.05,51.34,-3.65,2026-07-24 00:44:51+00:00
26.14,서폿,카르마,Karma,43,15,86,3,B,False,False,2962,6.33,5.77,48.41,50.89,-8.11,2026-07-24 00:44:48+00:00
26.14,서폿,갈리오,Galio,3,17,113,15,B,False,False,680,1.45,4.43,53.38,50.12,5.49,2026-07-24 00:44:51+00:00
26.14,서폿,사일러스,Sylas,517,18,116,1,B,False,False,1544,3.3,23.56,49.55,50.08,-0.27,2026-07-24 00:44:48+00:00
26.14,서폿,라칸,Rakan,497,19,119,-3,B,False,False,2125,4.54,0.52,49.22,49.99,-1.83,2026-07-24 00:44:51+00:00
26.14,서폿,르블랑,LeBlanc,7,20,124,7,B,False,False,597,1.28,32.39,48.58,49.7,-1.44,2026-07-24 00:44:49+00:00
26.14,서폿,스카너,Skarner,72,21,134,9,B,False,False,951,2.03,0.2,50.05,49.46,0.87,2026-07-24 00:44:48+00:00
26.14,서폿,브라움,Braum,201,22,137,-15,B,False,False,1442,3.08,4.28,48.68,49.43,-3.04,2026-07-24 00:44:50+00:00
26.14,서폿,마오카이,Maokai,57,23,146,-2,B,False,False,1024,2.19,0.1,50.1,49.18,1.03,2026-07-24 00:44:49+00:00
26.14,서폿,잔나,Janna,40,24,148,12,B,False,False,646,1.38,0.06,51.08,49.16,2.01,2026-07-24 00:44:49+00:00
26.14,서폿,타릭,Taric,44,25,151,4,B,False,False,592,1.27,0.19,52.36,49.04,3.47,2026-07-24 00:44:51+00:00
26.14,서폿,쉔,Shen,98,26,154,-1,B,False,False,2569,5.49,0.98,47.1,48.97,-13.96,2026-07-24 00:44:51+00:00
26.14,서폿,자르반 4세,Jarvan IV,59,28,156,11,B,False,False,521,1.11,0.48,52.78,48.95,3.52,2026-07-24 00:44:51+00:00
26.14,서폿,스웨인,Swain,50,29,174,-6,C,False,False,792,1.69,0.5,49.87,48.43,0.42,2026-07-24 00:44:51+00:00
26.14,서폿,자이라,Zyra,143,30,176,-4,C,False,False,737,1.58,3.56,50.07,48.38,0.71,2026-07-24 00:44:51+00:00
26.14,서폿,니코,Neeko,518,31,177,4,C,False,False,789,1.69,1.68,48.92,48.38,-1.2,2026-07-24 00:44:51+00:00
26.14,서폿,세라핀,Seraphine,147,32,181,-17,C,False,False,2190,4.68,3.52,46.89,48.3,-13.0,2026-07-24 00:44:50+00:00
26.14,서폿,아무무,Amumu,32,33,183,1,C,False,False,337,0.72,0.15,53.41,48.18,2.73,2026-07-24 00:44:51+00:00
26.14,서폿,탐 켄치,Tahm Kench,223,34,196,-10,C,False,False,561,1.2,0.26,48.84,47.68,-0.94,2026-07-24 00:44:51+00:00
26.14,서폿,조이,Zoe,142,35,210,6,C,False,False,360,0.77,17.35,47.78,47.28,-1.46,2026-07-24 00:44:50+00:00
26.14,서폿,밀리오,Milio,902,36,212,2,C,False,False,750,1.6,0.21,48.53,47.25,-1.75,2026-07-24 00:44:51+00:00
26.14,서폿,질리언,Zilean,26,37,216,-15,C,False,False,931,1.99,0.34,47.26,46.79,-4.72,2026-07-24 00:44:51+00:00
26.14,서폿,소라카,Soraka,16,38,218,-7,C,False,False,978,2.09,0.1,47.03,46.68,-5.42,2026-07-24 00:44:51+00:00
26.14,서폿,모르가나,Morgana,25,39,223,-19,C,False,False,786,1.68,2.25,46.44,46.5,-5.44,2026-07-24 00:44:51+00:00
26.14,서폿,럭스,Lux,99,40,225,-3,C,False,False,990,2.12,0.24,46.46,46.41,-6.69,2026-07-24 00:44:51+00:00
26.14,서폿,나미,Nami,267,41,228,4,C,False,False,623,1.33,0.06,47.51,46.19,-2.82,2026-07-24 00:44:51+00:00
26.14,서폿,잭스,Jax,24,42,232,5,C,False,False,267,0.57,18.15,48.31,45.94,-0.76,2026-07-24 00:44:49+00:00
26.14,서폿,소나,Sona,37,43,235,-15,C,False,False,677,1.45,0.04,47.56,45.88,-2.99,2026-07-24 00:44:51+00:00
26.14,서폿,벨코즈,Vel'Koz,161,44,236,-2,C,False,False,638,1.36,0.75,47.49,45.88,-2.92,2026-07-24 00:44:51+00:00
26.14,서폿,애니비아,Anivia,34,45,241,-2,C,False,False,302,0.65,2.47,48.01,45.11,-1.04,2026-07-24 00:44:51+00:00
26.14,서폿,제라스,Xerath,101,46,255,0,D,False,False,459,0.98,48.13,44.23,43.43,-5.42,2026-07-24 00:44:48+00:00
26.14,서폿,유미,Yuumi,350,47,261,2,D,False,False,1240,2.65,4.97,39.44,40.47,-28.41,2026-07-24 00:44:48+00:00
26.14,서폿,멜,Mel,800,48,262,2,D,False,False,445,0.95,30.87,38.43,38.5,-10.97,2026-07-24 00:44:50+00:00
26.13,탑,잭스,Jax,24,1,4,0,S,True,False,8235,7.91,18.87,51.65,56.85,17.4,2026-07-14 12:47:53+00:00
26.13,탑,제이스,Jayce,126,2,6,0,S,True,False,12909,12.4,34.18,49.34,56.53,-7.15,2026-07-14 12:47:53+00:00
26.13,탑,갱플랭크,Gangplank,41,3,10,1,S,False,False,6861,6.59,12.61,51.39,55.59,11.94,2026-07-14 12:47:53+00:00
26.13,탑,피오라,Fiora,114,4,24,1,S,False,False,4013,3.85,7.74,52.9,54.32,12.93,2026-07-14 12:47:54+00:00
26.13,탑,베인,Vayne,67,5,29,2,S,False,False,5292,5.08,10.71,50.26,53.89,2.6,2026-07-14 12:47:53+00:00
26.13,탑,이렐리아,Irelia,39,6,30,0,S,False,False,5234,5.03,20.74,49.96,53.51,0.95,2026-07-14 12:47:53+00:00
26.13,탑,암베사,Ambessa,799,7,31,1,S,False,False,8066,7.75,5.08,50.05,53.38,2.03,2026-07-14 12:47:53+00:00
26.13,탑,티모,Teemo,17,8,38,9,A,False,False,2655,2.55,3.96,53.15,52.87,8.81,2026-07-14 12:47:54+00:00
26.13,탑,올라프,Olaf,2,9,39,2,A,False,False,4191,4.03,3.83,51.61,52.78,7.54,2026-07-14 12:47:54+00:00
26.13,탑,요네,Yone,777,10,44,-1,A,False,False,8682,8.34,6.54,49.29,52.37,-4.42,2026-07-14 12:47:53+00:00
26.13,탑,말파이트,Malphite,54,11,55,3,A,False,False,5347,5.14,7.7,49.47,51.96,-1.82,2026-07-14 12:47:53+00:00
26.13,탑,야스오,Yasuo,157,12,63,3,A,False,False,3806,3.66,10.05,50.16,51.66,1.36,2026-07-14 12:47:53+00:00
26.13,탑,다리우스,Darius,122,13,64,-3,A,False,False,3507,3.37,4.63,50.44,51.61,2.26,2026-07-14 12:47:53+00:00
26.13,탑,나르,Gnar,150,14,68,12,A,False,False,5382,5.17,3.41,49.48,51.37,-1.7,2026-07-14 12:47:53+00:00
26.13,탑,가렌,Garen,86,15,74,6,B,False,False,2938,2.82,0.97,52.83,51.14,8.61,2026-07-14 12:47:55+00:00
26.13,탑,신지드,Singed,27,16,76,3,B,False,False,2548,2.45,0.95,52.39,51.1,6.39,2026-07-14 12:47:54+00:00
26.13,탑,문도 박사,Dr. Mundo,36,17,80,3,B,False,False,4171,4.01,0.52,51.31,51.01,6.07,2026-07-14 12:47:54+00:00
26.13,탑,크산테,K'Sante,897,19,84,-16,B,False,False,10287,9.88,7.19,48.03,50.89,-18.73,2026-07-14 12:47:54+00:00
26.13,탑,워윅,Warwick,19,21,87,11,B,False,False,1835,1.76,0.47,53.73,50.83,6.95,2026-07-14 12:47:54+00:00
26.13,탑,판테온,Pantheon,80,22,89,7,B,False,False,2786,2.68,1.42,51.4,50.78,4.3,2026-07-14 12:47:54+00:00
26.13,탑,럼블,Rumble,68,23,93,-7,B,False,False,4156,3.99,6.36,49.09,50.71,-3.01,2026-07-14 12:47:54+00:00
26.13,탑,리븐,Riven,92,24,98,-6,B,False,False,2314,2.22,0.43,52.25,50.61,5.46,2026-07-14 12:47:54+00:00
26.13,탑,애니비아,Anivia,34,25,100,-1,B,False,False,1877,1.8,3.7,51.04,50.61,2.26,2026-07-14 12:47:53+00:00
26.13,탑,뽀삐,Poppy,78,26,108,-3,B,False,False,1827,1.75,14.68,50.47,50.36,1.21,2026-07-14 12:47:54+00:00
26.13,탑,아트록스,Aatrox,266,27,115,-14,B,False,False,5699,5.47,2.8,48.83,50.07,-5.41,2026-07-14 12:47:54+00:00
26.13,탑,카밀,Camille,164,28,119,-6,B,False,False,2167,2.08,15.53,50.53,50.01,1.56,2026-07-14 12:47:54+00:00
26.13,탑,레넥톤,Renekton,58,29,120,13,B,False,False,5865,5.63,4.15,48.56,50.01,-7.25,2026-07-14 12:47:54+00:00
26.13,탑,쉔,Shen,98,30,123,-2,B,False,False,2907,2.79,0.22,50.98,49.98,3.31,2026-07-14 12:47:54+00:00
26.13,탑,오른,Ornn,516,31,125,3,B,False,False,2376,2.28,0.05,50.59,49.95,1.81,2026-07-14 12:47:54+00:00
26.13,탑,케넨,Kennen,85,32,126,-5,B,False,False,1987,1.91,1.82,50.83,49.86,2.0,2026-07-14 12:47:53+00:00
26.13,탑,트린다미어,Tryndamere,23,33,127,-8,B,False,False,2055,1.97,1.28,49.93,49.85,0.26,2026-07-14 12:47:55+00:00
26.13,탑,우디르,Udyr,77,34,129,12,B,False,False,809,0.78,0.13,52.16,49.74,1.84,2026-07-14 12:47:54+00:00
26.13,탑,우르곳,Urgot,6,35,133,4,C,False,False,1175,1.13,0.1,51.49,49.61,1.91,2026-07-14 12:47:54+00:00
26.13,탑,일라오이,Illaoi,420,36,146,19,C,False,False,1623,1.56,0.73,51.57,49.21,2.78,2026-07-14 12:47:55+00:00
26.13,탑,아칼리,Akali,84,37,150,0,C,False,False,2654,2.55,17.59,48.91,49.08,-2.38,2026-07-14 12:47:53+00:00
26.13,탑,그웬,Gwen,887,39,154,5,C,False,False,1845,1.77,0.63,50.79,49.04,1.76,2026-07-14 12:47:54+00:00
26.13,탑,클레드,Kled,240,40,161,-4,C,False,False,1805,1.73,0.35,50.25,48.82,0.78,2026-07-14 12:47:54+00:00
26.13,탑,퀸,Quinn,133,41,169,0,C,False,False,537,0.52,0.22,54.56,48.49,2.46,2026-07-14 12:47:55+00:00
26.13,탑,사일러스,Sylas,517,42,175,-11,C,False,False,1435,1.38,24.32,49.27,48.35,-0.74,2026-07-14 12:47:53+00:00
26.13,탑,카시오페아,Cassiopeia,69,43,180,-8,C,False,False,968,0.93,4.27,50.52,48.17,0.67,2026-07-14 12:47:53+00:00
26.13,탑,나서스,Nasus,75,45,196,18,C,False,False,1526,1.47,1.27,49.67,47.68,-0.19,2026-07-14 12:47:54+00:00
26.13,탑,초가스,Cho'Gath,31,47,199,9,C,False,False,980,0.94,0.08,50.1,47.46,0.29,2026-07-14 12:47:54+00:00
26.13,탑,리산드라,Lissandra,127,48,200,-5,C,False,False,921,0.88,1.94,49.73,47.45,-0.06,2026-07-14 12:47:52+00:00
26.13,탑,오로라,Aurora,893,50,207,-3,C,False,False,900,0.86,1.27,50.44,47.16,0.56,2026-07-14 12:47:54+00:00
26.13,탑,하이머딩거,Heimerdinger,74,52,219,-12,C,False,False,956,0.92,1.21,49.06,46.42,-0.68,2026-07-14 12:47:54+00:00
26.13,탑,블라디미르,Vladimir,8,53,220,7,C,False,False,1820,1.75,1.9,48.02,46.4,-3.12,2026-07-14 12:47:54+00:00
26.13,탑,세트,Sett,875,54,228,-4,C,False,False,1975,1.9,0.23,48.1,45.79,-3.22,2026-07-14 12:47:55+00:00
26.13,탑,케일,Kayle,10,55,232,-17,D,False,False,1128,1.08,0.08,48.23,45.44,-1.7,2026-07-14 12:47:54+00:00
26.13,탑,라이즈,Ryze,13,56,233,5,D,False,False,1724,1.66,1.3,47.33,45.24,-4.1,2026-07-14 12:47:53+00:00
26.13,탑,그라가스,Gragas,79,57,237,-8,D,False,False,2799,2.69,0.17,46.87,44.79,-7.87,2026-07-14 12:47:55+00:00
26.13,탑,오공,Wukong,62,59,239,-11,D,False,False,793,0.76,0.84,49.05,44.66,-0.57,2026-07-14 12:47:54+00:00
26.13,탑,모데카이저,Mordekaiser,82,60,244,2,D,False,False,2243,2.15,0.57,46.41,43.77,-7.33,2026-07-14 12:47:55+00:00
26.13,탑,스웨인,Swain,50,61,246,-2,D,False,False,564,0.54,0.43,48.05,43.52,-0.95,2026-07-14 12:47:54+00:00
26.13,탑,바루스,Varus,110,62,253,2,D,False,False,1012,0.97,2.16,45.55,41.5,-4.15,2026-07-14 12:47:53+00:00
26.13,탑,마오카이,Maokai,57,63,254,-6,D,False,False,1024,0.98,0.15,46.29,41.42,-3.45,2026-07-14 12:47:54+00:00
26.13,탑,신 짜오,Xin Zhao,5,64,258,3,D,False,False,721,0.69,1.8,45.77,40.41,-2.8,2026-07-14 12:47:55+00:00
26.13,정글,리 신,Lee Sin,64,1,1,0,S,True,False,25239,24.24,57.96,49.98,58.9,15.87,2026-07-14 12:47:53+00:00
26.13,정글,니달리,Nidalee,76,2,5,0,S,True,True,9040,8.68,16.46,53.38,56.56,38.01,2026-07-14 12:47:53+00:00
26.13,정글,나피리,Naafiri,950,3,7,4,S,True,False,12030,11.55,29.38,49.68,56.1,-0.31,2026-07-14 12:47:54+00:00
26.13,정글,벨베스,Bel'Veth,200,4,14,0,S,False,True,4550,4.37,10.15,54.55,55.13,23.34,2026-07-14 12:47:52+00:00
26.13,정글,사일러스,Sylas,517,5,19,0,S,False,False,10676,10.25,24.32,49.97,54.58,3.15,2026-07-14 12:47:53+00:00
26.13,정글,렉사이,Rek'Sai,421,6,48,-3,A,False,False,4274,4.1,3.22,51.9,52.14,9.3,2026-07-14 12:47:52+00:00
26.13,정글,키아나,Qiyana,246,7,51,11,A,False,False,6374,6.12,7.12,49.42,52.03,-1.77,2026-07-14 12:47:52+00:00
26.13,정글,카서스,Karthus,30,8,52,4,A,False,False,2389,2.29,6.35,52.07,52.02,5.72,2026-07-14 12:47:54+00:00
26.13,정글,헤카림,Hecarim,120,9,54,16,A,False,False,5418,5.2,2.35,50.79,51.97,5.85,2026-07-14 12:47:53+00:00
26.13,정글,자이라,Zyra,143,10,60,-2,A,False,False,2787,2.68,4.39,53.79,51.82,11.24,2026-07-14 12:47:54+00:00
26.13,정글,탈론,Talon,91,11,66,6,A,False,False,5274,5.07,4.33,50.08,51.45,1.97,2026-07-14 12:47:54+00:00
26.13,정글,바이,Vi,254,13,72,0,A,False,False,8173,7.85,2.58,48.76,51.2,-7.55,2026-07-14 12:47:54+00:00
26.13,정글,킨드레드,Kindred,203,14,73,-5,A,False,False,4900,4.71,1.55,50.71,51.19,4.87,2026-07-14 12:47:54+00:00
26.13,정글,그레이브즈,Graves,104,15,75,-9,A,False,False,7255,6.97,5.47,48.63,51.11,-7.86,2026-07-14 12:47:54+00:00
26.13,정글,샤코,Shaco,35,16,78,-1,A,False,False,1992,1.91,10.01,51.26,51.08,3.17,2026-07-14 12:47:53+00:00
26.13,정글,녹턴,Nocturne,56,17,88,19,A,False,False,4331,4.16,3.73,49.06,50.79,-2.71,2026-07-14 12:47:54+00:00
26.13,정글,마스터 이,Master Yi,11,18,91,2,A,False,False,3977,3.82,2.13,49.99,50.75,1.13,2026-07-14 12:47:54+00:00
26.13,정글,신 짜오,Xin Zhao,5,19,95,-8,A,False,False,5562,5.34,1.8,49.14,50.68,-3.03,2026-07-14 12:47:53+00:00
26.13,정글,엘리스,Elise,60,20,104,-10,B,False,False,2667,2.56,4.99,50.88,50.5,3.11,2026-07-14 12:47:53+00:00
26.13,정글,탈리야,Taliyah,163,21,112,8,B,False,False,2009,1.93,0.69,51.67,50.27,3.81,2026-07-14 12:47:52+00:00
26.13,정글,나서스,Nasus,75,22,117,9,B,False,False,2326,2.23,1.27,51.76,50.05,4.65,2026-07-14 12:47:55+00:00
26.13,정글,케인,Kayn,141,23,122,-2,B,False,False,2648,2.54,0.28,50.34,49.99,1.64,2026-07-14 12:47:54+00:00
26.13,정글,제이스,Jayce,126,24,124,9,B,False,False,6985,6.71,34.18,47.49,49.97,-16.63,2026-07-14 12:47:52+00:00
26.13,정글,자르반 4세,Jarvan IV,59,25,128,5,B,False,False,6905,6.63,0.6,48.46,49.83,-8.26,2026-07-14 12:47:54+00:00
26.13,정글,워윅,Warwick,19,26,136,16,B,False,False,1225,1.18,0.47,51.92,49.53,2.62,2026-07-14 12:47:54+00:00
26.13,정글,오공,Wukong,62,27,137,-13,B,False,False,4386,4.21,0.84,49.02,49.51,-2.87,2026-07-14 12:47:54+00:00
26.13,정글,카직스,Kha'Zix,121,28,143,-12,B,False,False,4117,3.95,1.28,48.82,49.3,-3.5,2026-07-14 12:47:53+00:00
26.13,정글,스카너,Skarner,72,29,144,12,B,False,False,1291,1.24,0.34,51.2,49.23,1.87,2026-07-14 12:47:54+00:00
26.13,정글,세주아니,Sejuani,113,30,147,20,B,False,False,968,0.93,0.06,52.27,49.16,2.4,2026-07-14 12:47:55+00:00
26.13,정글,누누와 윌럼프,Nunu & Willump,20,31,159,-7,B,False,False,1591,1.53,1.78,50.6,48.93,1.39,2026-07-14 12:47:54+00:00
26.13,정글,람머스,Rammus,33,32,164,2,B,False,False,858,0.82,0.73,50.58,48.76,0.73,2026-07-14 12:47:55+00:00
26.13,정글,브라이어,Briar,233,33,165,11,B,False,False,1932,1.86,0.65,49.48,48.67,-0.4,2026-07-14 12:47:54+00:00
26.13,정글,이블린,Evelynn,28,34,168,-6,C,False,False,1637,1.57,0.61,50.27,48.53,0.92,2026-07-14 12:47:54+00:00
26.13,정글,뽀삐,Poppy,78,35,170,4,C,False,False,1598,1.53,14.68,48.56,48.48,-1.8,2026-07-14 12:47:53+00:00
26.13,정글,우디르,Udyr,77,36,176,-9,C,False,False,654,0.63,0.13,51.07,48.35,0.86,2026-07-14 12:47:54+00:00
26.13,정글,비에고,Viego,234,37,177,3,C,False,False,7271,6.98,0.87,47.52,48.32,-15.34,2026-07-14 12:47:54+00:00
26.13,정글,에코,Ekko,245,38,181,-19,C,False,False,3111,2.99,0.57,48.38,48.13,-3.95,2026-07-14 12:47:53+00:00
26.13,정글,아이번,Ivern,427,39,183,-17,C,False,False,789,0.76,0.35,51.71,48.11,1.53,2026-07-14 12:47:55+00:00
26.13,정글,렝가,Rengar,107,40,184,6,C,False,False,1551,1.49,2.39,48.81,48.1,-1.35,2026-07-14 12:47:52+00:00
26.13,정글,릴리아,Lillia,876,41,185,-18,C,False,False,1541,1.48,0.5,48.67,48.08,-1.53,2026-07-14 12:47:54+00:00
26.13,정글,피즈,Fizz,105,42,189,-4,C,False,False,623,0.6,1.68,51.04,47.93,0.81,2026-07-14 12:47:54+00:00
26.13,정글,피들스틱,Fiddlesticks,9,43,192,-6,C,False,False,1469,1.41,0.75,48.81,47.83,-1.26,2026-07-14 12:47:55+00:00
26.13,정글,자크,Zac,154,44,202,-18,C,False,False,2165,2.08,0.57,48.22,47.38,-3.08,2026-07-14 12:47:54+00:00
26.13,정글,다이애나,Diana,131,45,206,-10,C,False,False,1641,1.58,1.82,48.2,47.21,-2.37,2026-07-14 12:47:54+00:00
26.13,정글,판테온,Pantheon,80,46,212,2,C,False,False,1632,1.57,1.42,47.79,46.87,-2.99,2026-07-14 12:47:54+00:00
26.13,정글,암베사,Ambessa,799,47,216,-2,C,False,False,1628,1.56,5.08,47.79,46.53,-3.01,2026-07-14 12:47:54+00:00
26.13,정글,그웬,Gwen,887,48,231,-5,C,False,False,547,0.53,0.63,48.45,45.54,-0.66,2026-07-14 12:47:54+00:00
26.13,정글,잭스,Jax,24,49,236,2,D,False,False,801,0.77,18.87,46.82,44.8,-2.25,2026-07-14 12:47:53+00:00
26.13,정글,아트록스,Aatrox,266,50,242,-18,D,False,False,669,0.64,2.8,46.64,44.33,-1.97,2026-07-14 12:47:54+00:00
26.13,정글,제드,Zed,238,51,243,2,D,False,False,738,0.71,12.47,46.48,43.9,-2.31,2026-07-14 12:47:53+00:00
26.13,정글,퀸,Quinn,133,52,248,-5,D,False,False,1181,1.13,0.22,45.89,43.21,-4.32,2026-07-14 12:47:55+00:00
26.13,정글,마오카이,Maokai,57,54,261,-2,D,False,False,524,0.5,0.15,41.6,36.29,-4.07,2026-07-14 12:47:54+00:00
26.13,미드,조이,Zoe,142,2,11,1,S,False,False,4406,4.23,18.47,52.59,55.53,15.18,2026-07-14 12:47:53+00:00
26.13,미드,사일러스,Sylas,517,3,13,-1,S,False,False,10603,10.18,24.32,49.17,55.14,-4.29,2026-07-14 12:47:52+00:00
26.13,미드,신드라,Syndra,134,4,16,0,S,False,False,9296,8.93,7.3,51.41,54.92,17.4,2026-07-14 12:47:52+00:00
26.13,미드,빅토르,Viktor,112,5,17,-4,A,False,False,13077,12.56,18.89,48.25,54.73,-19.59,2026-07-14 12:47:53+00:00
26.13,미드,트위스티드 페이트,Twisted Fate,4,6,18,0,A,False,False,9471,9.1,2.87,51.22,54.68,15.57,2026-07-14 12:47:53+00:00
26.13,미드,르블랑,LeBlanc,7,7,22,7,A,False,False,4494,4.32,34.01,49.44,54.47,-0.64,2026-07-14 12:47:52+00:00
26.13,미드,갈리오,Galio,3,8,23,2,A,False,False,8840,8.49,3.94,50.63,54.34,9.49,2026-07-14 12:47:52+00:00
26.13,미드,아칼리,Akali,84,9,25,-4,A,False,False,7359,7.07,17.59,49.14,54.19,-3.38,2026-07-14 12:47:53+00:00
26.13,미드,제드,Zed,238,10,26,-2,A,False,False,4967,4.77,12.47,50.43,54.03,4.64,2026-07-14 12:47:53+00:00
26.13,미드,카타리나,Katarina,55,11,28,-4,A,False,False,4877,4.68,4.53,51.69,53.9,10.47,2026-07-14 12:47:53+00:00
26.13,미드,리산드라,Lissandra,127,12,36,-1,B,False,False,5843,5.61,1.94,51.65,53.13,11.97,2026-07-14 12:47:52+00:00
26.13,미드,흐웨이,Hwei,910,13,46,-4,B,False,False,5785,5.56,2.17,49.94,52.29,2.18,2026-07-14 12:47:55+00:00
26.13,미드,벡스,Vex,711,14,47,4,B,False,False,2658,2.55,2.76,52.48,52.21,7.68,2026-07-14 12:47:54+00:00
26.13,미드,탈론,Talon,91,15,49,1,B,False,False,3926,3.77,4.33,51.1,52.13,5.92,2026-07-14 12:47:52+00:00
26.13,미드,아리,Ahri,103,16,50,-4,B,False,False,6045,5.81,0.93,49.63,52.06,0.44,2026-07-14 12:47:53+00:00
26.13,미드,신지드,Singed,27,17,53,11,B,False,False,945,0.91,0.95,57.46,51.99,7.19,2026-07-14 12:47:54+00:00
26.13,미드,야스오,Yasuo,157,18,56,3,B,False,False,5602,5.38,10.05,48.84,51.93,-4.06,2026-07-14 12:47:54+00:00
26.13,미드,제라스,Xerath,101,19,57,1,B,False,False,3808,3.66,7.55,50.45,51.91,3.34,2026-07-14 12:47:54+00:00
26.13,미드,에코,Ekko,245,20,59,11,B,False,False,2586,2.48,0.57,52.98,51.87,8.53,2026-07-14 12:47:54+00:00
26.13,미드,피즈,Fizz,105,21,65,-4,B,False,False,3980,3.82,1.68,49.75,51.5,0.76,2026-07-14 12:47:54+00:00
26.13,미드,키아나,Qiyana,246,22,67,-7,B,False,False,3077,2.96,7.12,50.73,51.42,3.56,2026-07-14 12:47:54+00:00
26.13,미드,제이스,Jayce,126,23,71,7,B,False,False,1831,1.76,34.18,51.34,51.29,3.23,2026-07-14 12:47:52+00:00
26.13,미드,애니비아,Anivia,34,24,79,-1,B,False,False,3078,2.96,3.7,50.16,51.07,1.83,2026-07-14 12:47:53+00:00
26.13,미드,카시오페아,Cassiopeia,69,25,97,-12,B,False,False,2919,2.8,4.27,49.67,50.62,0.35,2026-07-14 12:47:53+00:00
26.13,미드,니코,Neeko,518,26,102,16,B,False,False,606,0.58,2.59,54.46,50.54,2.86,2026-07-14 12:47:52+00:00
26.13,미드,누누와 윌럼프,Nunu & Willump,20,27,105,13,B,False,False,1135,1.09,1.78,51.89,50.49,2.57,2026-07-14 12:47:54+00:00
26.13,미드,나피리,Naafiri,950,28,106,5,B,False,False,1446,1.39,29.38,51.45,50.47,2.72,2026-07-14 12:47:53+00:00
26.13,미드,아크샨,Akshan,166,29,107,3,B,False,False,2292,2.2,1.2,50.0,50.43,0.99,2026-07-14 12:47:55+00:00
26.13,미드,요네,Yone,777,30,109,-4,B,False,False,7768,7.46,6.54,47.5,50.32,-15.78,2026-07-14 12:47:54+00:00
26.13,미드,오리아나,Orianna,61,31,110,-12,B,False,False,4738,4.55,1.79,48.48,50.28,-4.97,2026-07-14 12:47:54+00:00
26.13,미드,다이애나,Diana,131,32,113,-8,B,False,False,3552,3.41,1.82,48.93,50.2,-2.15,2026-07-14 12:47:54+00:00
26.13,미드,애니,Annie,1,33,118,-4,C,False,False,2023,1.94,0.38,50.37,50.01,1.59,2026-07-14 12:47:55+00:00
26.13,미드,블라디미르,Vladimir,8,34,121,-12,C,False,False,2854,2.74,1.9,48.74,50.01,-2.25,2026-07-14 12:47:54+00:00
26.13,미드,이렐리아,Irelia,39,35,130,3,C,False,False,2755,2.65,20.74,47.84,49.73,-4.88,2026-07-14 12:47:53+00:00
26.13,미드,베이가,Veigar,45,37,134,-1,C,False,False,833,0.8,0.06,54.62,49.56,4.06,2026-07-14 12:47:55+00:00
26.13,미드,오로라,Aurora,893,38,155,-4,C,False,False,3689,3.54,1.27,47.82,49.03,-6.21,2026-07-14 12:47:54+00:00
26.13,미드,탈리야,Taliyah,163,39,158,-4,C,False,False,1922,1.85,0.69,49.53,48.94,-0.04,2026-07-14 12:47:53+00:00
26.13,미드,라이즈,Ryze,13,40,171,4,C,False,False,5515,5.3,1.3,46.89,48.45,-14.25,2026-07-14 12:47:53+00:00
26.13,미드,아우렐리온 솔,Aurelion Sol,136,41,182,5,C,False,False,1226,1.18,0.19,49.76,48.12,0.24,2026-07-14 12:47:54+00:00
26.13,미드,사이온,Sion,14,42,194,-3,C,False,False,1176,1.13,1.45,48.47,47.77,-1.23,2026-07-14 12:47:54+00:00
26.13,미드,카사딘,Kassadin,38,43,210,0,C,False,False,1455,1.4,0.25,47.9,46.95,-2.31,2026-07-14 12:47:53+00:00
26.13,미드,암베사,Ambessa,799,44,211,1,C,False,False,620,0.6,5.08,48.55,46.93,-0.6,2026-07-14 12:47:54+00:00
26.13,미드,말자하,Malzahar,90,45,221,-18,C,False,False,2427,2.33,0.56,46.35,46.33,-7.49,2026-07-14 12:47:54+00:00
26.13,미드,판테온,Pantheon,80,46,222,-21,C,False,False,1171,1.12,1.42,47.48,46.26,-2.33,2026-07-14 12:47:54+00:00
26.13,미드,스웨인,Swain,50,47,225,-6,C,False,False,760,0.73,0.43,47.24,46.0,-1.69,2026-07-14 12:47:54+00:00
26.13,미드,럭스,Lux,99,48,229,-11,D,False,False,992,0.95,0.26,47.48,45.72,-1.98,2026-07-14 12:47:54+00:00
26.13,미드,멜,Mel,800,49,234,-2,D,False,False,1867,1.79,14.78,45.47,45.18,-7.53,2026-07-14 12:47:52+00:00
26.13,미드,트리스타나,Tristana,18,51,241,0,D,False,False,1522,1.46,4.75,45.4,44.36,-6.11,2026-07-14 12:47:54+00:00
26.13,미드,코르키,Corki,42,52,255,-2,D,False,False,556,0.53,0.05,43.88,41.0,-3.03,2026-07-14 12:47:55+00:00
26.13,미드,아지르,Azir,268,53,256,-5,D,False,False,1272,1.22,0.15,42.69,40.96,-8.4,2026-07-14 12:47:55+00:00
26.13,바텀,세나,Senna,235,1,2,0,S,True,True,14122,13.56,32.86,52.14,57.58,46.09,2026-07-14 12:47:54+00:00
26.13,바텀,트리스타나,Tristana,18,2,34,2,A,False,False,8135,7.81,4.75,51.05,53.19,11.9,2026-07-14 12:47:53+00:00
26.13,바텀,애쉬,Ashe,22,3,40,-1,A,False,False,8570,8.23,8.47,49.98,52.75,3.5,2026-07-14 12:47:53+00:00
26.13,바텀,직스,Ziggs,115,4,42,13,A,False,False,7837,7.53,3.66,51.19,52.57,12.52,2026-07-14 12:47:53+00:00
26.13,바텀,징크스,Jinx,222,5,43,1,A,False,True,6765,6.5,0.56,52.88,52.47,21.48,2026-07-14 12:47:54+00:00
26.13,바텀,진,Jhin,202,6,45,6,A,False,False,19829,19.04,1.09,49.6,52.35,0.33,2026-07-14 12:47:53+00:00
26.13,바텀,드레이븐,Draven,119,7,58,13,A,False,False,2482,2.38,10.69,51.17,51.87,4.17,2026-07-14 12:47:53+00:00
26.13,바텀,제라스,Xerath,101,8,61,19,A,False,False,6773,6.5,7.55,50.75,51.82,7.86,2026-07-14 12:47:55+00:00
26.13,바텀,신드라,Syndra,134,9,82,14,A,False,False,4387,4.21,7.3,50.54,50.95,4.09,2026-07-14 12:47:52+00:00
26.13,바텀,시비르,Sivir,15,10,83,-3,A,False,False,5508,5.29,3.11,50.2,50.94,3.34,2026-07-14 12:47:53+00:00
26.13,바텀,제리,Zeri,221,11,85,0,A,False,False,5647,5.42,0.53,51.23,50.84,8.96,2026-07-14 12:47:54+00:00
26.13,바텀,케이틀린,Caitlyn,51,12,90,-7,A,False,False,12118,11.64,10.55,48.5,50.76,-14.16,2026-07-14 12:47:54+00:00
26.13,바텀,카이사,Kai'Sa,145,13,92,6,A,False,False,16332,15.69,0.99,49.01,50.73,-9.07,2026-07-14 12:47:53+00:00
26.13,바텀,자야,Xayah,498,14,96,1,A,False,False,3585,3.44,0.42,50.63,50.63,3.6,2026-07-14 12:47:54+00:00
26.13,바텀,루시안,Lucian,236,15,111,-12,A,False,False,9292,8.92,4.81,48.81,50.27,-7.31,2026-07-14 12:47:53+00:00
26.13,바텀,세라핀,Seraphine,147,16,114,10,A,False,False,2064,1.98,3.11,52.52,50.19,5.86,2026-07-14 12:47:53+00:00
26.13,바텀,유나라,Yunara,804,17,135,-7,B,False,False,7556,7.26,1.05,49.19,49.56,-2.89,2026-07-14 12:47:53+00:00
26.13,바텀,칼리스타,Kalista,429,18,139,-2,B,False,False,2475,2.38,0.38,50.71,49.42,2.67,2026-07-14 12:47:54+00:00
26.13,바텀,아펠리오스,Aphelios,523,19,140,9,B,False,False,13870,13.32,5.22,48.06,49.42,-21.45,2026-07-14 12:47:53+00:00
26.13,바텀,흐웨이,Hwei,910,20,141,-7,B,False,False,1508,1.45,2.17,51.26,49.39,2.43,2026-07-14 12:47:54+00:00
26.13,바텀,사미라,Samira,360,22,152,16,B,False,False,1533,1.47,0.32,52.19,49.06,3.84,2026-07-14 12:47:55+00:00
26.13,바텀,카시오페아,Cassiopeia,69,23,166,-9,C,False,False,1350,1.3,4.27,51.48,48.62,2.48,2026-07-14 12:47:53+00:00
26.13,바텀,코그모,Kog'Maw,96,24,172,5,C,False,False,1161,1.12,0.1,50.47,48.42,0.99,2026-07-14 12:47:55+00:00
26.13,바텀,베이가,Veigar,45,25,173,5,C,False,False,530,0.51,0.06,53.58,48.4,2.04,2026-07-14 12:47:55+00:00
26.13,바텀,블라디미르,Vladimir,8,26,174,8,C,False,False,1413,1.36,1.9,50.25,48.39,0.9,2026-07-14 12:47:54+00:00
26.13,바텀,이즈리얼,Ezreal,81,27,178,-19,C,False,False,20779,19.96,16.75,46.58,48.32,-71.79,2026-07-14 12:47:53+00:00
26.13,바텀,스웨인,Swain,50,29,187,-11,C,False,False,1453,1.4,0.43,50.65,48.03,1.49,2026-07-14 12:47:54+00:00
26.13,바텀,코르키,Corki,42,30,193,2,C,False,False,1039,1.0,0.05,50.43,47.81,0.84,2026-07-14 12:47:55+00:00
26.13,바텀,미스 포츈,Miss Fortune,21,32,204,-7,C,False,False,3817,3.67,0.31,48.78,47.27,-2.96,2026-07-14 12:47:52+00:00
26.13,바텀,멜,Mel,800,33,205,-2,C,False,False,6249,6.0,14.78,47.1,47.22,-16.57,2026-07-14 12:47:52+00:00
26.13,바텀,야스오,Yasuo,157,34,213,-13,C,False,False,886,0.85,10.05,49.21,46.85,-0.32,2026-07-14 12:47:53+00:00
26.13,바텀,트위치,Twitch,29,35,218,-2,C,False,False,1147,1.1,0.31,49.43,46.43,-0.17,2026-07-14 12:47:54+00:00
26.13,바텀,닐라,Nilah,895,36,226,-14,C,False,False,686,0.66,0.29,50.29,45.93,0.47,2026-07-14 12:47:54+00:00
26.13,바텀,베인,Vayne,67,37,235,-1,D,False,False,892,0.86,10.71,47.87,44.85,-1.49,2026-07-14 12:47:53+00:00
26.13,바텀,스몰더,Smolder,901,38,249,-14,D,False,False,1260,1.21,0.34,46.11,42.96,-4.22,2026-07-14 12:47:54+00:00
26.13,바텀,바루스,Varus,110,40,252,-5,D,False,False,2246,2.16,2.16,45.33,41.82,-9.32,2026-07-14 12:47:53+00:00
26.13,서폿,노틸러스,Nautilus,111,1,8,1,S,False,False,15966,15.33,14.1,49.48,55.79,-3.34,2026-07-14 12:47:53+00:00
26.13,서폿,쓰레쉬,Thresh,412,2,9,1,S,False,True,12521,12.03,9.41,51.63,55.64,25.98,2026-07-14 12:47:52+00:00
26.13,서폿,카밀,Camille,164,3,12,16,S,False,False,13630,13.09,15.53,49.63,55.41,-0.52,2026-07-14 12:47:54+00:00
26.13,서폿,바드,Bard,432,4,15,-3,A,False,False,12412,11.92,12.37,49.74,55.0,1.01,2026-07-14 12:47:52+00:00
26.13,서폿,뽀삐,Poppy,78,5,20,1,A,False,True,4380,4.21,14.68,54.25,54.52,20.97,2026-07-14 12:47:53+00:00
26.13,서폿,블리츠크랭크,Blitzcrank,53,6,21,2,A,False,False,8128,7.81,12.21,51.25,54.51,14.11,2026-07-14 12:47:52+00:00
26.13,서폿,브라움,Braum,201,7,27,2,A,False,False,5496,5.28,7.53,52.55,53.94,16.44,2026-07-14 12:47:53+00:00
26.13,서폿,파이크,Pyke,555,8,32,-4,A,False,False,8546,8.21,61.73,48.47,53.33,-25.51,2026-07-14 12:47:52+00:00
26.13,서폿,세나,Senna,235,9,33,4,A,False,False,4425,4.25,32.86,51.53,53.23,8.56,2026-07-14 12:47:54+00:00
26.13,서폿,레오나,Leona,89,10,35,-5,A,False,False,8046,7.73,3.66,51.53,53.16,14.93,2026-07-14 12:47:54+00:00
26.13,서폿,렐,Rell,526,11,37,-1,A,False,False,6505,6.25,1.29,52.62,52.89,18.69,2026-07-14 12:47:52+00:00
26.13,서폿,알리스타,Alistar,12,12,41,-1,A,False,False,6939,6.66,1.8,51.52,52.74,12.57,2026-07-14 12:47:54+00:00
26.13,서폿,룰루,Lulu,117,13,62,1,A,False,False,8469,8.13,4.02,49.08,51.8,-4.93,2026-07-14 12:47:52+00:00
26.13,서폿,엘리스,Elise,60,14,69,2,A,False,False,3011,2.89,4.99,51.88,51.36,6.56,2026-07-14 12:47:53+00:00
26.13,서폿,세라핀,Seraphine,147,15,77,-3,A,False,False,5888,5.65,3.11,49.46,51.1,-1.22,2026-07-14 12:47:53+00:00
26.13,서폿,라칸,Rakan,497,16,94,-1,B,False,False,5509,5.29,0.82,49.56,50.7,-0.6,2026-07-14 12:47:53+00:00
26.13,서폿,판테온,Pantheon,80,17,99,4,B,False,False,4589,4.41,1.42,50.47,50.61,3.55,2026-07-14 12:47:53+00:00
26.13,서폿,카르마,Karma,43,18,101,-11,B,False,False,8882,8.53,10.62,47.59,50.59,-19.72,2026-07-14 12:47:54+00:00
26.13,서폿,사일러스,Sylas,517,19,103,4,B,False,False,2400,2.31,24.32,50.67,50.51,2.36,2026-07-14 12:47:53+00:00
26.13,서폿,모르가나,Morgana,25,20,116,10,B,False,False,2111,2.03,2.5,51.54,50.06,3.87,2026-07-14 12:47:54+00:00
26.13,서폿,마오카이,Maokai,57,21,132,-4,B,False,False,2516,2.42,0.15,50.36,49.66,1.67,2026-07-14 12:47:54+00:00
26.13,서폿,질리언,Zilean,26,22,138,5,B,False,False,2199,2.11,0.34,50.43,49.42,1.62,2026-07-14 12:47:55+00:00
26.13,서폿,스웨인,Swain,50,23,142,14,B,False,False,1868,1.79,0.43,50.37,49.3,1.27,2026-07-14 12:47:54+00:00
26.13,서폿,탐 켄치,Tahm Kench,223,24,148,1,B,False,False,1709,1.64,0.25,49.91,49.12,0.4,2026-07-14 12:47:54+00:00
26.13,서폿,쉔,Shen,98,25,149,10,B,False,False,1846,1.77,0.22,50.16,49.12,0.88,2026-07-14 12:47:55+00:00
26.13,서폿,자이라,Zyra,143,26,151,5,B,False,False,1659,1.59,4.39,49.49,49.07,-0.29,2026-07-14 12:47:54+00:00
26.13,서폿,르블랑,LeBlanc,7,27,156,-9,B,False,False,1196,1.15,34.01,48.58,48.95,-1.35,2026-07-14 12:47:52+00:00
26.13,서폿,소나,Sona,37,28,157,5,B,False,False,1567,1.5,0.05,51.31,48.94,2.47,2026-07-14 12:47:54+00:00
26.13,서폿,타릭,Taric,44,29,160,-9,B,False,False,1345,1.29,0.19,50.86,48.92,1.54,2026-07-14 12:47:54+00:00
26.13,서폿,스카너,Skarner,72,30,162,8,B,False,False,1956,1.88,0.34,49.54,48.8,-0.24,2026-07-14 12:47:54+00:00
26.13,서폿,소라카,Soraka,16,31,163,8,B,False,False,1821,1.75,0.17,49.53,48.8,-0.24,2026-07-14 12:47:55+00:00
26.13,서폿,갈리오,Galio,3,32,167,-10,B,False,False,1191,1.14,3.94,50.13,48.6,0.53,2026-07-14 12:47:52+00:00
26.13,서폿,피들스틱,Fiddlesticks,9,33,186,16,C,False,False,611,0.59,0.75,52.21,48.05,1.49,2026-07-14 12:47:54+00:00
26.13,서폿,아무무,Amumu,32,34,188,2,C,False,False,701,0.67,0.14,50.64,47.93,0.66,2026-07-14 12:47:55+00:00
26.13,서폿,니코,Neeko,518,35,191,-9,C,False,False,2733,2.62,2.59,48.23,47.89,-3.86,2026-07-14 12:47:52+00:00
26.13,서폿,잔나,Janna,40,36,195,7,C,False,False,1358,1.3,0.06,48.82,47.73,-1.1,2026-07-14 12:47:54+00:00
26.13,서폿,럭스,Lux,99,37,201,-9,C,False,False,3025,2.91,0.26,48.03,47.4,-4.76,2026-07-14 12:47:55+00:00
26.13,서폿,밀리오,Milio,902,38,208,2,C,False,False,2515,2.42,0.42,48.15,47.15,-3.68,2026-07-14 12:47:54+00:00
26.13,서폿,자르반 4세,Jarvan IV,59,39,214,5,C,False,False,1161,1.12,0.6,48.32,46.79,-1.5,2026-07-14 12:47:54+00:00
26.13,서폿,샤코,Shaco,35,40,215,-6,C,False,False,1302,1.25,10.01,47.93,46.73,-2.27,2026-07-14 12:47:53+00:00
26.13,서폿,조이,Zoe,142,41,217,-12,C,False,False,612,0.59,18.47,48.69,46.52,-0.59,2026-07-14 12:47:53+00:00
26.13,서폿,벨코즈,Vel'Koz,161,42,223,-18,C,False,False,1725,1.66,0.73,48.0,46.22,-2.77,2026-07-14 12:47:54+00:00
26.13,서폿,애니비아,Anivia,34,43,224,-11,C,False,False,1047,1.01,3.7,48.33,46.2,-1.36,2026-07-14 12:47:53+00:00
26.13,서폿,흐웨이,Hwei,910,44,227,-2,C,False,False,563,0.54,2.17,49.56,45.83,-0.06,2026-07-14 12:47:55+00:00
26.13,서폿,나미,Nami,267,45,230,0,C,False,False,1304,1.25,0.06,47.39,45.57,-2.85,2026-07-14 12:47:55+00:00
26.13,서폿,제라스,Xerath,101,46,245,1,D,False,False,1810,1.74,7.55,45.41,43.59,-7.48,2026-07-14 12:47:53+00:00
26.13,서폿,자크,Zac,154,48,251,-7,D,False,False,538,0.52,0.57,46.84,42.81,-1.46,2026-07-14 12:47:55+00:00
26.13,서폿,유미,Yuumi,350,49,257,1,D,False,False,3821,3.67,7.8,42.32,40.6,-29.25,2026-07-14 12:47:53+00:00
26.13,서폿,멜,Mel,800,50,260,1,D,False,False,1303,1.25,14.78,42.13,39.37,-9.62,2026-07-14 12:47:52+00:00
26.12,탑,잭스,Jax,24,1,4,0,S,True,False,5392,7.69,20.85,50.48,56.94,6.93,2026-06-23 21:29:56+00:00
26.12,탑,제이스,Jayce,126,2,8,5,S,True,False,7681,10.95,32.58,49.43,56.33,-4.09,2026-06-23 21:29:57+00:00
26.12,탑,크산테,K'Sante,897,3,9,-1,S,True,False,8727,12.44,9.47,49.77,56.25,0.32,2026-06-23 21:29:58+00:00
26.12,탑,갱플랭크,Gangplank,41,4,17,0,S,False,False,4199,5.99,10.96,50.99,54.88,8.34,2026-06-23 21:29:58+00:00
26.12,탑,피오라,Fiora,114,5,23,-2,S,False,False,2644,3.77,7.95,52.0,54.16,9.24,2026-06-23 21:29:58+00:00
26.12,탑,이렐리아,Irelia,39,6,26,-1,S,False,False,3699,5.27,22.12,49.58,53.64,-0.98,2026-06-23 21:29:58+00:00
26.12,탑,베인,Vayne,67,7,38,4,A,False,False,3161,4.51,11.86,49.6,52.93,-0.68,2026-06-23 21:29:58+00:00
26.12,탑,암베사,Ambessa,799,8,42,-2,A,False,False,4532,6.46,6.53,49.82,52.83,0.55,2026-06-23 21:29:57+00:00
26.12,탑,요네,Yone,777,9,44,5,A,False,False,5753,8.2,7.22,49.26,52.78,-4.1,2026-06-23 21:29:56+00:00
26.12,탑,다리우스,Darius,122,10,45,0,A,False,False,2568,3.66,4.98,51.05,52.73,5.02,2026-06-23 21:29:59+00:00
26.12,탑,올라프,Olaf,2,11,46,-2,A,False,False,2816,4.01,3.6,50.89,52.6,4.75,2026-06-23 21:29:58+00:00
26.12,탑,사이온,Sion,14,12,51,5,A,False,False,5182,7.39,1.95,49.59,52.32,-1.1,2026-06-23 21:29:58+00:00
26.12,탑,말파이트,Malphite,54,14,54,-6,A,False,False,3471,4.95,7.78,49.24,52.12,-2.68,2026-06-23 21:29:56+00:00
26.12,탑,야스오,Yasuo,157,15,63,13,A,False,False,2080,2.97,11.19,49.95,51.72,0.65,2026-06-23 21:29:58+00:00
26.12,탑,럼블,Rumble,68,16,67,-4,A,False,False,3347,4.77,8.15,48.88,51.45,-4.44,2026-06-23 21:29:58+00:00
26.12,탑,티모,Teemo,17,17,71,8,B,False,False,1765,2.52,6.26,50.31,51.08,1.49,2026-06-23 21:29:58+00:00
26.12,탑,신지드,Singed,27,19,85,5,B,False,False,1651,2.35,0.86,52.76,50.73,7.13,2026-06-23 21:29:59+00:00
26.12,탑,문도 박사,Dr. Mundo,36,20,86,15,B,False,False,2163,3.08,0.41,51.27,50.72,4.73,2026-06-23 21:29:58+00:00
26.12,탑,가렌,Garen,86,21,87,-8,B,False,False,2106,3.0,0.96,50.28,50.72,1.64,2026-06-23 21:29:59+00:00
26.12,탑,카밀,Camille,164,22,88,16,B,False,False,1771,2.52,2.69,51.1,50.69,3.46,2026-06-23 21:29:57+00:00
26.12,탑,뽀삐,Poppy,78,23,89,-4,B,False,False,1220,1.74,12.19,51.97,50.61,4.01,2026-06-23 21:29:58+00:00
26.12,탑,애니비아,Anivia,34,24,93,22,B,False,False,1282,1.83,5.74,51.64,50.5,3.52,2026-06-23 21:29:58+00:00
26.12,탑,트린다미어,Tryndamere,23,25,95,7,B,False,False,1146,1.63,1.19,52.79,50.48,5.03,2026-06-23 21:29:59+00:00
26.12,탑,나르,Gnar,150,26,96,4,B,False,False,3305,4.71,3.78,48.84,50.46,-4.44,2026-06-23 21:29:58+00:00
26.12,탑,케넨,Kennen,85,27,102,-4,B,False,False,1662,2.37,2.09,50.48,50.3,1.78,2026-06-23 21:29:58+00:00
26.12,탑,쉔,Shen,98,28,115,-12,B,False,False,1896,2.7,0.19,51.0,49.96,3.41,2026-06-23 21:29:59+00:00
26.12,탑,판테온,Pantheon,80,29,119,-8,B,False,False,1793,2.56,1.65,49.92,49.89,0.45,2026-06-23 21:29:58+00:00
26.12,탑,워윅,Warwick,19,32,125,-1,B,False,False,1047,1.49,0.5,51.29,49.65,2.32,2026-06-23 21:29:59+00:00
26.12,탑,오른,Ornn,516,34,130,-5,B,False,False,1454,2.07,0.09,50.28,49.49,1.11,2026-06-23 21:29:57+00:00
26.12,탑,카시오페아,Cassiopeia,69,35,138,-17,B,False,False,992,1.41,6.4,52.32,49.3,3.7,2026-06-23 21:29:57+00:00
26.12,탑,클레드,Kled,240,36,141,0,B,False,False,1122,1.6,0.3,50.8,49.19,1.7,2026-06-23 21:29:58+00:00
26.12,탑,아칼리,Akali,84,37,142,-15,B,False,False,2058,2.93,20.93,48.1,49.18,-5.13,2026-06-23 21:29:58+00:00
26.12,탑,우르곳,Urgot,6,39,149,-19,B,False,False,862,1.23,0.22,51.04,49.08,1.6,2026-06-23 21:29:58+00:00
26.12,탑,하이머딩거,Heimerdinger,74,40,153,9,B,False,False,904,1.29,1.21,51.0,48.94,1.63,2026-06-23 21:29:59+00:00
26.12,탑,퀸,Quinn,133,41,158,3,C,False,False,371,0.53,0.33,54.72,48.88,2.63,2026-06-23 21:29:59+00:00
26.12,탑,리산드라,Lissandra,127,43,165,7,C,False,False,868,1.24,1.81,50.69,48.71,1.18,2026-06-23 21:29:58+00:00
26.12,탑,그웬,Gwen,887,44,169,-10,C,False,False,1741,2.48,1.4,49.4,48.66,-0.86,2026-06-23 21:29:59+00:00
26.12,탑,자헨,Zaahen,904,45,175,-5,C,False,False,2506,3.57,0.74,48.48,48.49,-4.52,2026-06-23 21:29:58+00:00
26.12,탑,우디르,Udyr,77,46,176,-3,C,False,False,430,0.61,0.15,54.65,48.47,3.01,2026-06-23 21:29:59+00:00
26.12,탑,오로라,Aurora,893,47,180,11,C,False,False,708,1.01,1.33,50.42,48.39,0.69,2026-06-23 21:29:58+00:00
26.12,탑,오공,Wukong,62,48,182,-6,C,False,False,549,0.78,0.86,51.55,48.3,1.42,2026-06-23 21:29:59+00:00
26.12,탑,그라가스,Gragas,79,49,199,-8,C,False,False,1736,2.47,0.12,48.33,47.7,-3.5,2026-06-23 21:29:59+00:00
26.12,탑,갈리오,Galio,3,51,204,2,C,False,False,355,0.51,3.98,52.96,47.42,1.63,2026-06-23 21:29:58+00:00
26.12,탑,렝가,Rengar,107,52,205,-13,C,False,False,363,0.52,3.28,50.96,47.31,0.64,2026-06-23 21:29:59+00:00
26.12,탑,자크,Zac,154,53,207,1,C,False,False,363,0.52,0.89,49.86,47.16,0.06,2026-06-23 21:29:59+00:00
26.12,탑,요릭,Yorick,83,54,209,-21,C,False,False,2057,2.93,5.41,47.54,47.11,-6.76,2026-06-23 21:29:58+00:00
26.12,탑,일라오이,Illaoi,420,55,215,5,C,False,False,1013,1.44,0.63,48.67,46.86,-1.56,2026-06-23 21:29:59+00:00
26.12,탑,초가스,Cho'Gath,31,56,218,7,C,False,False,593,0.85,0.08,49.75,46.77,0.0,2026-06-23 21:29:59+00:00
26.12,탑,스웨인,Swain,50,59,228,-7,C,False,False,384,0.55,0.47,48.7,45.97,-0.57,2026-06-23 21:29:59+00:00
26.12,탑,라이즈,Ryze,13,61,237,-10,C,False,False,1231,1.75,1.5,46.71,44.94,-5.34,2026-06-23 21:29:59+00:00
26.12,탑,모데카이저,Mordekaiser,82,62,242,-1,D,False,False,1381,1.97,0.51,45.76,43.81,-7.87,2026-06-23 21:29:57+00:00
26.12,탑,나서스,Nasus,75,63,245,-1,D,False,False,823,1.17,0.42,46.54,43.56,-3.77,2026-06-23 21:29:59+00:00
26.12,탑,바루스,Varus,110,64,252,-19,D,False,False,703,1.0,6.0,45.09,41.82,-4.71,2026-06-23 21:29:58+00:00
26.12,탑,빅토르,Viktor,112,65,254,1,D,False,False,440,0.63,26.11,45.45,41.66,-2.72,2026-06-23 21:29:57+00:00
26.12,정글,리 신,Lee Sin,64,1,2,0,S,True,True,15986,22.79,68.06,50.11,58.47,24.44,2026-06-23 21:29:57+00:00
26.12,정글,니달리,Nidalee,76,2,7,0,S,True,True,7144,10.18,18.29,52.37,56.39,32.23,2026-06-23 21:29:58+00:00
26.12,정글,렉사이,Rek'Sai,421,3,15,2,S,False,True,3776,5.38,9.24,54.37,55.01,27.13,2026-06-23 21:29:57+00:00
26.12,정글,벨베스,Bel'Veth,200,4,19,0,S,False,True,3547,5.06,10.9,53.79,54.7,22.61,2026-06-23 21:29:58+00:00
26.12,정글,사일러스,Sylas,517,5,21,13,S,False,False,7593,10.82,26.03,49.91,54.42,1.96,2026-06-23 21:29:57+00:00
26.12,정글,그레이브즈,Graves,104,6,48,11,A,False,False,6489,9.25,8.79,49.11,52.58,-6.49,2026-06-23 21:29:57+00:00
26.12,정글,나피리,Naafiri,950,7,49,-4,A,False,False,7372,10.51,28.24,48.06,52.57,-23.45,2026-06-23 21:29:57+00:00
26.12,정글,자이라,Zyra,143,8,62,8,A,False,False,1722,2.45,4.96,53.02,51.77,8.25,2026-06-23 21:29:58+00:00
26.12,정글,킨드레드,Kindred,203,9,68,3,A,False,False,3060,4.36,1.23,51.44,51.38,7.44,2026-06-23 21:29:59+00:00
26.12,정글,엘리스,Elise,60,10,72,4,A,False,False,1964,2.8,6.7,51.68,51.06,5.58,2026-06-23 21:29:58+00:00
26.12,정글,신 짜오,Xin Zhao,5,11,77,-5,A,False,False,4882,6.96,4.84,48.85,50.89,-6.54,2026-06-23 21:29:57+00:00
26.12,정글,카서스,Karthus,30,12,79,-4,A,False,False,1524,2.17,7.73,51.97,50.81,5.11,2026-06-23 21:29:59+00:00
26.12,정글,바이,Vi,254,13,82,0,A,False,False,5294,7.55,3.39,49.02,50.76,-5.75,2026-06-23 21:29:58+00:00
26.12,정글,오공,Wukong,62,14,83,22,A,False,False,2772,3.95,0.86,50.79,50.74,4.14,2026-06-23 21:29:58+00:00
26.12,정글,샤코,Shaco,35,15,90,-6,A,False,False,1156,1.65,11.82,50.26,50.57,0.89,2026-06-23 21:29:58+00:00
26.12,정글,카직스,Kha'Zix,121,16,91,3,A,False,False,2909,4.15,1.99,49.91,50.55,0.68,2026-06-23 21:29:57+00:00
26.12,정글,탈론,Talon,91,17,103,-10,B,False,False,3589,5.12,5.81,49.01,50.25,-3.93,2026-06-23 21:29:58+00:00
26.12,정글,키아나,Qiyana,246,18,104,2,B,False,False,1336,1.9,6.27,50.67,50.21,1.79,2026-06-23 21:29:59+00:00
26.12,정글,에코,Ekko,245,19,107,2,B,False,False,2625,3.74,0.86,50.36,50.12,2.29,2026-06-23 21:29:59+00:00
26.12,정글,마스터 이,Master Yi,11,20,108,3,B,False,False,2467,3.52,2.3,49.9,50.11,0.52,2026-06-23 21:29:56+00:00
26.12,정글,케인,Kayn,141,21,113,11,B,False,False,1938,2.76,0.38,51.44,49.97,4.69,2026-06-23 21:29:59+00:00
26.12,정글,아이번,Ivern,427,22,116,6,B,False,False,578,0.82,0.53,55.54,49.95,4.79,2026-06-23 21:29:59+00:00
26.12,정글,릴리아,Lillia,876,23,118,6,B,False,False,1178,1.68,0.64,52.55,49.91,4.72,2026-06-23 21:29:58+00:00
26.12,정글,누누와 윌럼프,Nunu & Willump,20,24,121,6,B,False,False,1226,1.75,2.56,51.06,49.78,2.32,2026-06-23 21:29:58+00:00
26.12,정글,헤카림,Hecarim,120,25,122,-14,B,False,False,3259,4.65,2.69,49.0,49.78,-3.59,2026-06-23 21:29:58+00:00
26.12,정글,자크,Zac,154,26,129,9,B,False,False,1644,2.34,0.89,52.49,49.51,6.46,2026-06-23 21:29:59+00:00
26.12,정글,이블린,Evelynn,28,28,139,-3,C,False,False,1160,1.65,0.98,50.86,49.27,1.85,2026-06-23 21:29:59+00:00
26.12,정글,탈리야,Taliyah,163,29,146,-2,C,False,False,1459,2.08,0.64,50.72,49.12,2.01,2026-06-23 21:29:59+00:00
26.12,정글,자르반 4세,Jarvan IV,59,30,155,-8,C,False,False,5211,7.43,1.26,48.21,48.93,-11.63,2026-06-23 21:29:58+00:00
26.12,정글,제이스,Jayce,126,33,160,8,C,False,False,5429,7.74,32.58,46.69,48.77,-27.03,2026-06-23 21:29:57+00:00
26.12,정글,람머스,Rammus,33,34,162,-1,C,False,False,401,0.57,0.74,52.62,48.77,1.64,2026-06-23 21:29:59+00:00
26.12,정글,다이애나,Diana,131,35,166,-11,C,False,False,1437,2.05,1.76,49.34,48.71,-0.86,2026-06-23 21:29:58+00:00
26.12,정글,피들스틱,Fiddlesticks,9,37,173,-11,C,False,False,1023,1.46,0.91,49.95,48.51,0.29,2026-06-23 21:29:58+00:00
26.12,정글,피즈,Fizz,105,38,179,4,C,False,False,564,0.8,1.8,51.06,48.39,1.06,2026-06-23 21:29:59+00:00
26.12,정글,뽀삐,Poppy,78,39,193,-5,C,False,False,471,0.67,12.19,50.74,48.05,0.67,2026-06-23 21:29:58+00:00
26.12,정글,비에고,Viego,234,40,198,-9,C,False,False,5120,7.3,1.37,47.23,47.72,-18.68,2026-06-23 21:29:59+00:00
26.12,정글,스카너,Skarner,72,41,202,-4,C,False,False,825,1.18,0.42,49.94,47.58,0.22,2026-06-23 21:29:56+00:00
26.12,정글,워윅,Warwick,19,42,208,-3,C,False,False,819,1.17,0.5,49.82,47.12,0.07,2026-06-23 21:29:59+00:00
26.12,정글,그웬,Gwen,887,43,210,6,C,False,False,706,1.01,1.4,49.29,47.06,-0.47,2026-06-23 21:29:58+00:00
26.12,정글,브라이어,Briar,233,44,213,2,C,False,False,1408,2.01,0.61,48.37,46.89,-2.8,2026-06-23 21:29:59+00:00
26.12,정글,암베사,Ambessa,799,45,220,3,C,False,False,1842,2.63,6.53,47.67,46.72,-5.58,2026-06-23 21:29:58+00:00
26.12,정글,퀸,Quinn,133,47,227,-3,C,False,False,797,1.14,0.33,48.43,46.01,-1.51,2026-06-23 21:29:59+00:00
26.12,정글,판테온,Pantheon,80,48,233,-1,C,False,False,1172,1.67,1.65,47.18,45.48,-4.31,2026-06-23 21:29:59+00:00
26.12,정글,그라가스,Gragas,79,49,234,-4,C,False,False,351,0.5,0.12,51.57,45.37,0.91,2026-06-23 21:29:59+00:00
26.12,정글,세주아니,Sejuani,113,50,241,-10,D,False,False,583,0.83,0.05,47.86,43.88,-1.58,2026-06-23 21:29:58+00:00
26.12,정글,잭스,Jax,24,51,249,-8,D,False,False,604,0.86,20.85,45.53,42.49,-3.71,2026-06-23 21:29:56+00:00
26.12,정글,제드,Zed,238,53,258,-3,D,False,False,441,0.63,18.19,43.54,40.15,-3.98,2026-06-23 21:29:57+00:00
26.12,미드,빅토르,Viktor,112,1,5,0,S,True,False,10214,14.56,26.11,48.64,56.69,-18.43,2026-06-23 21:29:57+00:00
26.12,미드,사일러스,Sylas,517,2,10,8,S,False,False,7487,10.67,26.03,50.09,55.97,5.89,2026-06-23 21:29:57+00:00
26.12,미드,조이,Zoe,142,3,11,-1,S,False,False,2809,4.0,23.76,52.76,55.74,15.7,2026-06-23 21:29:58+00:00
26.12,미드,신드라,Syndra,134,4,12,17,S,False,False,6785,9.67,6.12,51.54,55.7,19.89,2026-06-23 21:29:58+00:00
26.12,미드,아칼리,Akali,84,5,16,0,A,False,False,4716,6.72,20.93,49.98,54.97,3.0,2026-06-23 21:29:57+00:00
26.12,미드,트위스티드 페이트,Twisted Fate,4,6,18,0,A,False,False,6211,8.85,3.69,51.41,54.81,16.62,2026-06-23 21:29:59+00:00
26.12,미드,카타리나,Katarina,55,7,22,0,A,False,False,3424,4.88,5.74,53.18,54.33,18.5,2026-06-23 21:29:58+00:00
26.12,미드,제드,Zed,238,8,24,-5,A,False,False,3275,4.67,18.19,49.16,53.7,-2.37,2026-06-23 21:29:58+00:00
26.12,미드,갈리오,Galio,3,10,29,-2,A,False,False,5927,8.45,3.98,49.59,53.49,-0.09,2026-06-23 21:29:57+00:00
26.12,미드,리산드라,Lissandra,127,11,31,0,A,False,False,4073,5.81,1.81,52.44,53.31,16.76,2026-06-23 21:29:58+00:00
26.12,미드,아리,Ahri,103,12,34,-3,A,False,False,4757,6.78,1.25,50.87,53.22,8.76,2026-06-23 21:29:59+00:00
26.12,미드,카시오페아,Cassiopeia,69,13,37,1,A,False,False,2506,3.57,6.4,52.43,53.0,10.53,2026-06-23 21:29:57+00:00
26.12,미드,르블랑,LeBlanc,7,14,39,6,A,False,False,2496,3.56,35.47,48.56,52.9,-5.02,2026-06-23 21:29:56+00:00
26.12,미드,키아나,Qiyana,246,15,40,-3,A,False,False,2296,3.27,6.27,52.26,52.86,9.05,2026-06-23 21:29:59+00:00
26.12,미드,탈론,Talon,91,16,47,0,A,False,False,2585,3.69,5.81,51.99,52.59,9.05,2026-06-23 21:29:57+00:00
26.12,미드,피즈,Fizz,105,17,55,7,B,False,False,2757,3.93,1.8,51.18,52.08,6.31,2026-06-23 21:29:59+00:00
26.12,미드,벡스,Vex,711,18,56,14,B,False,False,1297,1.85,2.98,52.66,52.03,5.83,2026-06-23 21:29:59+00:00
26.12,미드,오리아나,Orianna,61,19,58,-15,B,False,False,2976,4.24,2.94,49.23,51.93,-1.62,2026-06-23 21:29:58+00:00
26.12,미드,제라스,Xerath,101,20,61,2,B,False,False,2854,4.07,2.99,50.32,51.8,2.97,2026-06-23 21:29:58+00:00
26.12,미드,야스오,Yasuo,157,21,64,-8,B,False,False,3420,4.88,11.19,48.39,51.65,-6.27,2026-06-23 21:29:56+00:00
26.12,미드,블라디미르,Vladimir,8,22,70,-3,B,False,False,2120,3.02,2.25,49.95,51.11,1.09,2026-06-23 21:29:58+00:00
26.12,미드,애니비아,Anivia,34,23,73,-6,B,False,False,2399,3.42,5.74,48.98,51.06,-2.18,2026-06-23 21:29:58+00:00
26.12,미드,다이애나,Diana,131,24,78,-1,B,False,False,2360,3.36,1.76,49.11,50.86,-1.66,2026-06-23 21:29:58+00:00
26.12,미드,판테온,Pantheon,80,25,92,2,B,False,False,797,1.14,1.65,52.07,50.51,2.82,2026-06-23 21:29:59+00:00
26.12,미드,요네,Yone,777,26,98,9,B,False,False,4983,7.1,7.22,47.28,50.44,-17.02,2026-06-23 21:29:57+00:00
26.12,미드,말자하,Malzahar,90,27,99,6,B,False,False,1553,2.21,0.6,50.48,50.41,1.97,2026-06-23 21:29:58+00:00
26.12,미드,신지드,Singed,27,28,100,-3,B,False,False,476,0.68,0.86,54.83,50.32,3.56,2026-06-23 21:29:59+00:00
26.12,미드,애니,Annie,1,29,106,-1,C,False,False,1713,2.44,0.69,49.39,50.19,-0.52,2026-06-23 21:29:59+00:00
26.12,미드,제이스,Jayce,126,30,112,6,C,False,False,1168,1.67,32.58,48.54,49.98,-1.8,2026-06-23 21:29:56+00:00
26.12,미드,에코,Ekko,245,31,114,6,C,False,False,1597,2.28,0.86,50.09,49.97,1.13,2026-06-23 21:29:59+00:00
26.12,미드,아크샨,Akshan,166,32,117,2,C,False,False,1177,1.68,1.17,50.72,49.92,1.91,2026-06-23 21:29:59+00:00
26.12,미드,나피리,Naafiri,950,33,126,11,C,False,False,916,1.31,28.24,49.24,49.59,-0.49,2026-06-23 21:29:58+00:00
26.12,미드,오로라,Aurora,893,34,137,7,C,False,False,2447,3.49,1.33,47.73,49.31,-6.57,2026-06-23 21:29:58+00:00
26.12,미드,탈리야,Taliyah,163,35,156,15,C,False,False,1406,2.0,0.64,48.36,48.9,-2.48,2026-06-23 21:29:59+00:00
26.12,미드,베이가,Veigar,45,36,164,4,C,False,False,611,0.87,0.09,50.25,48.72,0.57,2026-06-23 21:29:59+00:00
26.12,미드,럭스,Lux,99,37,168,-6,C,False,False,699,1.0,0.24,50.07,48.67,0.47,2026-06-23 21:29:58+00:00
26.12,미드,이렐리아,Irelia,39,38,172,-20,C,False,False,2443,3.48,22.12,46.38,48.53,-12.29,2026-06-23 21:29:56+00:00
26.12,미드,사이온,Sion,14,39,177,-1,C,False,False,1085,1.55,1.95,48.02,48.46,-2.45,2026-06-23 21:29:59+00:00
26.12,미드,누누와 윌럼프,Nunu & Willump,20,40,183,-14,C,False,False,890,1.27,2.56,48.76,48.29,-1.07,2026-06-23 21:29:58+00:00
26.12,미드,스웨인,Swain,50,41,186,1,C,False,False,401,0.57,0.47,51.12,48.22,0.87,2026-06-23 21:29:59+00:00
26.12,미드,니코,Neeko,518,42,194,-12,C,False,False,497,0.71,3.37,50.1,48.04,0.36,2026-06-23 21:29:59+00:00
26.12,미드,카사딘,Kassadin,38,43,211,0,C,False,False,781,1.11,0.25,47.63,47.02,-2.19,2026-06-23 21:29:58+00:00
26.12,미드,암베사,Ambessa,799,45,224,1,C,False,False,357,0.51,6.53,47.9,46.22,-0.87,2026-06-23 21:29:58+00:00
26.12,미드,아우렐리온 솔,Aurelion Sol,136,46,235,-17,D,False,False,725,1.03,0.1,46.48,45.25,-3.22,2026-06-23 21:29:58+00:00
26.12,미드,멜,Mel,800,47,238,4,D,False,False,1341,1.91,10.71,44.82,44.86,-9.48,2026-06-23 21:29:58+00:00
26.12,미드,아지르,Azir,268,48,240,-1,D,False,False,1134,1.62,0.18,44.36,44.01,-8.49,2026-06-23 21:29:59+00:00
26.12,미드,벨코즈,Vel'Koz,161,49,248,0,D,False,False,365,0.52,0.53,44.93,42.57,-2.43,2026-06-23 21:29:59+00:00
26.12,미드,코르키,Corki,42,50,253,3,D,False,False,362,0.52,0.05,43.92,41.79,-2.93,2026-06-23 21:29:59+00:00
26.12,미드,트리스타나,Tristana,18,51,259,1,D,False,False,795,1.13,4.44,40.88,39.55,-9.93,2026-06-23 21:29:58+00:00
26.12,바텀,세나,Senna,235,1,1,3,S,True,True,16774,23.91,37.97,53.58,58.96,146.88,2026-06-23 21:29:58+00:00
26.12,바텀,애쉬,Ashe,22,2,20,-1,S,False,False,7912,11.28,13.93,50.39,54.59,11.66,2026-06-23 21:29:58+00:00
26.12,바텀,트리스타나,Tristana,18,4,41,9,A,False,False,6241,8.9,4.44,51.02,52.85,14.05,2026-06-23 21:29:58+00:00
26.12,바텀,케이틀린,Caitlyn,51,5,53,12,A,False,False,8401,11.98,11.62,48.58,52.17,-12.48,2026-06-23 21:29:57+00:00
26.12,바텀,징크스,Jinx,222,6,57,1,A,False,False,4770,6.8,0.45,52.2,51.96,18.46,2026-06-23 21:29:58+00:00
26.12,바텀,시비르,Sivir,15,7,60,7,A,False,False,4111,5.86,3.9,50.74,51.89,7.57,2026-06-23 21:29:58+00:00
26.12,바텀,이즈리얼,Ezreal,81,8,66,-3,A,False,False,17756,25.31,22.28,46.74,51.54,-89.32,2026-06-23 21:29:56+00:00
26.12,바텀,벨코즈,Vel'Koz,161,9,76,18,B,False,False,754,1.07,0.53,55.84,50.96,6.82,2026-06-23 21:29:59+00:00
26.12,바텀,유나라,Yunara,804,10,84,-2,B,False,False,6834,9.74,1.84,49.06,50.74,-4.33,2026-06-23 21:29:58+00:00
26.12,바텀,제리,Zeri,221,11,94,-5,B,False,False,4855,6.92,1.06,49.21,50.49,-2.05,2026-06-23 21:29:58+00:00
26.12,바텀,진,Jhin,202,12,97,3,B,False,False,12589,17.95,1.42,48.16,50.45,-24.36,2026-06-23 21:29:59+00:00
26.12,바텀,카시오페아,Cassiopeia,69,14,109,-5,B,False,False,703,1.0,6.4,52.77,50.1,3.32,2026-06-23 21:29:57+00:00
26.12,바텀,자야,Xayah,498,15,110,4,B,False,False,2468,3.52,0.43,51.18,50.04,5.92,2026-06-23 21:29:59+00:00
26.12,바텀,칼리스타,Kalista,429,16,120,21,B,False,False,1995,2.84,0.38,50.68,49.8,3.36,2026-06-23 21:29:58+00:00
26.12,바텀,직스,Ziggs,115,17,128,6,B,False,False,2053,2.93,0.48,49.98,49.54,1.4,2026-06-23 21:29:59+00:00
26.12,바텀,스웨인,Swain,50,18,135,-2,B,False,False,824,1.17,0.47,51.21,49.37,2.02,2026-06-23 21:29:59+00:00
26.12,바텀,카이사,Kai'Sa,145,19,136,-8,B,False,False,8459,12.06,0.79,47.97,49.36,-18.56,2026-06-23 21:29:58+00:00
26.12,바텀,드레이븐,Draven,119,20,150,-17,B,False,False,1659,2.37,10.79,48.28,49.06,-3.2,2026-06-23 21:29:56+00:00
26.12,바텀,야스오,Yasuo,157,21,167,1,C,False,False,561,0.8,11.19,52.05,48.69,2.06,2026-06-23 21:29:57+00:00
26.12,바텀,닐라,Nilah,895,22,174,14,C,False,False,457,0.65,0.27,53.83,48.5,2.83,2026-06-23 21:29:59+00:00
26.12,바텀,스몰더,Smolder,901,24,181,7,C,False,False,1364,1.94,1.53,49.05,48.3,-0.89,2026-06-23 21:29:57+00:00
26.12,바텀,미스 포츈,Miss Fortune,21,25,184,-15,C,False,False,2809,4.0,0.52,48.56,48.25,-3.79,2026-06-23 21:29:58+00:00
26.12,바텀,세라핀,Seraphine,147,26,188,-8,C,False,False,614,0.88,4.09,52.28,48.18,2.44,2026-06-23 21:29:58+00:00
26.12,바텀,제라스,Xerath,101,27,189,-15,C,False,False,1760,2.51,2.99,49.43,48.17,-0.17,2026-06-23 21:29:58+00:00
26.12,바텀,아펠리오스,Aphelios,523,28,191,-7,C,False,False,6140,8.75,1.54,47.2,48.14,-20.46,2026-06-23 21:29:58+00:00
26.12,바텀,코그모,Kog'Maw,96,29,197,-4,C,False,False,800,1.14,0.09,50.88,47.89,1.57,2026-06-23 21:29:59+00:00
26.12,바텀,멜,Mel,800,31,212,3,C,False,False,1742,2.48,10.71,47.47,46.95,-5.28,2026-06-23 21:29:57+00:00
26.12,바텀,코르키,Corki,42,32,214,0,C,False,False,993,1.42,0.05,49.35,46.88,-0.22,2026-06-23 21:29:59+00:00
26.12,바텀,트위치,Twitch,29,33,219,2,C,False,False,783,1.12,0.26,48.79,46.74,-0.8,2026-06-23 21:29:58+00:00
26.12,바텀,블라디미르,Vladimir,8,34,221,-4,C,False,False,461,0.66,2.25,49.67,46.72,0.12,2026-06-23 21:29:58+00:00
26.12,바텀,베인,Vayne,67,36,232,-12,D,False,False,688,0.98,11.86,46.8,45.51,-2.7,2026-06-23 21:29:58+00:00
26.12,바텀,티모,Teemo,17,37,239,-17,D,False,False,742,1.06,6.26,46.5,44.81,-3.23,2026-06-23 21:29:58+00:00
26.12,바텀,사미라,Samira,360,38,246,-10,D,False,False,1003,1.43,0.34,45.26,43.54,-6.08,2026-06-23 21:29:59+00:00
26.12,바텀,브랜드,Brand,63,39,255,-6,D,False,False,395,0.56,0.34,44.56,40.67,-2.79,2026-06-23 21:29:59+00:00
26.12,서폿,바드,Bard,432,1,3,0,S,True,True,10144,14.46,18.23,51.14,57.1,26.61,2026-06-23 21:29:56+00:00
26.12,서폿,노틸러스,Nautilus,111,2,6,0,S,True,False,11737,16.73,16.71,49.7,56.42,1.19,2026-06-23 21:29:56+00:00
26.12,서폿,쓰레쉬,Thresh,412,3,13,1,S,False,True,7960,11.35,8.8,51.44,55.3,22.47,2026-06-23 21:29:58+00:00
26.12,서폿,파이크,Pyke,555,4,14,-1,S,False,False,5139,7.33,64.32,50.07,55.29,8.68,2026-06-23 21:29:57+00:00
26.12,서폿,레오나,Leona,89,5,25,5,A,False,False,5194,7.4,4.18,51.46,53.65,14.1,2026-06-23 21:29:58+00:00
26.12,서폿,뽀삐,Poppy,78,6,28,7,A,False,False,2443,3.48,12.19,53.25,53.63,13.56,2026-06-23 21:29:58+00:00
26.12,서폿,카르마,Karma,43,7,32,-2,A,False,False,7512,10.71,17.75,48.27,53.26,-17.64,2026-06-23 21:29:56+00:00
26.12,서폿,블리츠크랭크,Blitzcrank,53,8,33,0,A,False,False,5373,7.66,11.5,49.36,53.24,-2.42,2026-06-23 21:29:58+00:00
26.12,서폿,브라움,Braum,201,9,35,-3,A,False,False,4264,6.08,8.04,50.7,53.22,7.04,2026-06-23 21:29:58+00:00
26.12,서폿,렐,Rell,526,10,36,-3,A,False,True,4301,6.13,1.73,53.06,53.06,21.33,2026-06-23 21:29:59+00:00
26.12,서폿,알리스타,Alistar,12,11,43,0,A,False,False,5006,7.14,1.62,51.72,52.81,15.08,2026-06-23 21:29:58+00:00
26.12,서폿,세라핀,Seraphine,147,12,50,-3,A,False,False,5370,7.66,4.09,49.87,52.54,1.84,2026-06-23 21:29:58+00:00
26.12,서폿,세나,Senna,235,13,59,1,A,False,False,2177,3.1,37.97,52.23,51.91,8.4,2026-06-23 21:29:56+00:00
26.12,서폿,룰루,Lulu,117,14,65,-2,A,False,False,6346,9.05,4.66,48.31,51.63,-12.55,2026-06-23 21:29:58+00:00
26.12,서폿,라칸,Rakan,497,15,69,1,A,False,False,4252,6.06,0.67,50.52,51.25,5.37,2026-06-23 21:29:59+00:00
26.12,서폿,엘리스,Elise,60,16,74,-1,A,False,False,1929,2.75,6.7,52.77,51.06,8.92,2026-06-23 21:29:57+00:00
26.12,서폿,마오카이,Maokai,57,17,75,3,A,False,False,1877,2.68,0.14,52.37,51.03,7.32,2026-06-23 21:29:58+00:00
26.12,서폿,르블랑,LeBlanc,7,18,80,7,A,False,False,776,1.11,35.47,52.06,50.8,2.92,2026-06-23 21:29:57+00:00
26.12,서폿,카밀,Camille,164,19,101,0,B,False,False,4604,6.56,2.69,48.54,50.31,-7.32,2026-06-23 21:29:59+00:00
26.12,서폿,타릭,Taric,44,20,111,-3,B,False,False,1203,1.72,0.14,52.7,50.03,5.26,2026-06-23 21:29:59+00:00
26.12,서폿,판테온,Pantheon,80,21,132,-3,B,False,False,2493,3.55,1.65,48.9,49.42,-2.65,2026-06-23 21:29:56+00:00
26.12,서폿,갈리오,Galio,3,22,133,17,B,False,False,904,1.29,3.98,50.66,49.4,1.33,2026-06-23 21:29:58+00:00
26.12,서폿,사일러스,Sylas,517,23,134,19,B,False,False,1127,1.61,26.03,49.42,49.37,-0.35,2026-06-23 21:29:57+00:00
26.12,서폿,벨코즈,Vel'Koz,161,24,140,9,B,False,False,944,1.35,0.53,52.01,49.22,3.2,2026-06-23 21:29:58+00:00
26.12,서폿,탐 켄치,Tahm Kench,223,25,143,-4,B,False,False,1315,1.87,0.29,49.81,49.17,0.32,2026-06-23 21:29:58+00:00
26.12,서폿,니코,Neeko,518,26,144,-3,B,False,False,2082,2.97,3.37,48.51,49.16,-3.43,2026-06-23 21:29:58+00:00
26.12,서폿,질리언,Zilean,26,27,145,1,B,False,False,1632,2.33,0.41,49.14,49.13,-1.16,2026-06-23 21:29:59+00:00
26.12,서폿,럭스,Lux,99,28,147,13,B,False,False,1934,2.76,0.24,49.84,49.11,0.57,2026-06-23 21:29:57+00:00
26.12,서폿,조이,Zoe,142,29,151,2,B,False,False,428,0.61,23.76,52.1,48.97,1.55,2026-06-23 21:29:57+00:00
26.12,서폿,모르가나,Morgana,25,30,152,-1,B,False,False,1269,1.81,2.38,48.78,48.96,-1.58,2026-06-23 21:29:58+00:00
26.12,서폿,자이라,Zyra,143,31,154,-7,B,False,False,1202,1.71,4.96,49.25,48.94,-0.68,2026-06-23 21:29:58+00:00
26.12,서폿,애니비아,Anivia,34,32,161,11,B,False,False,854,1.22,5.74,50.82,48.77,1.45,2026-06-23 21:29:58+00:00
26.12,서폿,소나,Sona,37,33,170,-6,B,False,False,887,1.26,0.05,51.41,48.64,2.24,2026-06-23 21:29:59+00:00
26.12,서폿,샤코,Shaco,35,34,185,-8,C,False,False,798,1.14,11.82,49.0,48.24,-0.76,2026-06-23 21:29:58+00:00
26.12,서폿,쉔,Shen,98,35,187,1,C,False,False,559,0.8,0.19,49.55,48.19,-0.07,2026-06-23 21:29:58+00:00
26.12,서폿,아무무,Amumu,32,36,190,1,C,False,False,401,0.57,0.22,50.12,48.14,0.28,2026-06-23 21:29:58+00:00
26.12,서폿,스웨인,Swain,50,37,192,3,C,False,False,1073,1.53,0.47,49.95,48.09,0.48,2026-06-23 21:29:59+00:00
26.12,서폿,스카너,Skarner,72,38,195,-16,C,False,False,1532,2.18,0.42,48.5,47.92,-2.49,2026-06-23 21:29:58+00:00
26.12,서폿,소라카,Soraka,16,39,196,6,C,False,False,1477,2.11,0.27,48.68,47.91,-2.02,2026-06-23 21:29:59+00:00
26.12,서폿,밀리오,Milio,902,40,201,-8,C,False,False,2127,3.03,0.46,47.95,47.63,-5.13,2026-06-23 21:29:59+00:00
26.12,서폿,흐웨이,Hwei,910,42,216,7,C,False,False,508,0.72,3.29,48.23,46.84,-1.02,2026-06-23 21:29:58+00:00
26.12,서폿,잔나,Janna,40,43,229,-5,C,False,False,744,1.06,0.08,47.85,45.95,-1.9,2026-06-23 21:29:59+00:00
26.12,서폿,자르반 4세,Jarvan IV,59,44,231,-10,C,False,False,522,0.74,1.26,48.47,45.61,-0.87,2026-06-23 21:29:59+00:00
26.12,서폿,나미,Nami,267,45,236,3,C,False,False,909,1.3,0.09,46.64,45.09,-3.88,2026-06-23 21:29:59+00:00
26.12,서폿,제라스,Xerath,101,47,244,-3,D,False,False,1176,1.68,2.99,45.41,43.67,-7.13,2026-06-23 21:29:58+00:00
26.12,서폿,브랜드,Brand,63,48,247,-1,D,False,False,476,0.68,0.34,44.96,42.91,-3.18,2026-06-23 21:29:59+00:00
26.12,서폿,피들스틱,Fiddlesticks,9,49,250,-19,D,False,False,499,0.71,0.91,45.69,42.34,-2.81,2026-06-23 21:29:58+00:00
26.12,서폿,유미,Yuumi,350,50,251,0,D,False,False,3114,4.44,9.58,41.49,41.9,-40.0,2026-06-23 21:29:58+00:00
26.12,서폿,멜,Mel,800,51,261,-5,D,False,False,925,1.32,10.71,39.46,38.38,-13.76,2026-06-23 21:29:58+00:00
26.11,탑,잭스,Jax,24,1,6,8,S,False,False,4200,6.29,17.59,51.0,55.96,9.1,2026-06-09 21:28:16+00:00
26.11,탑,크산테,K'Sante,897,2,10,6,S,False,False,7176,10.75,7.78,49.79,55.44,0.29,2026-06-09 21:28:15+00:00
26.11,탑,피오라,Fiora,114,3,19,7,S,False,False,2561,3.84,7.98,52.56,54.52,11.62,2026-06-09 21:28:16+00:00
26.11,탑,갱플랭크,Gangplank,41,4,20,-2,S,False,False,3483,5.22,10.06,51.22,54.44,8.39,2026-06-09 21:28:16+00:00
26.11,탑,이렐리아,Irelia,39,5,27,-2,A,False,False,3359,5.03,23.69,49.48,53.79,-1.72,2026-06-09 21:28:15+00:00
26.11,탑,암베사,Ambessa,799,6,29,0,A,False,False,4233,6.34,8.09,50.2,53.68,2.92,2026-06-09 21:28:16+00:00
26.11,탑,제이스,Jayce,126,7,31,-6,A,False,False,7402,11.09,30.11,48.26,53.5,-20.31,2026-06-09 21:28:16+00:00
26.11,탑,말파이트,Malphite,54,8,36,-1,A,False,False,3418,5.12,8.58,49.88,53.15,0.65,2026-06-09 21:28:14+00:00
26.11,탑,올라프,Olaf,2,9,38,4,A,False,False,2752,4.12,4.35,51.82,53.03,8.79,2026-06-09 21:28:15+00:00
26.11,탑,다리우스,Darius,122,10,45,2,A,False,False,2197,3.29,4.86,51.66,52.5,6.53,2026-06-09 21:28:17+00:00
26.11,탑,베인,Vayne,67,11,47,-6,A,False,False,3028,4.54,12.65,49.34,52.41,-2.15,2026-06-09 21:28:16+00:00
26.11,탑,럼블,Rumble,68,12,48,-8,A,False,False,3772,5.65,9.53,49.2,52.4,-3.47,2026-06-09 21:28:15+00:00
26.11,탑,요네,Yone,777,14,62,9,A,False,False,4816,7.22,6.46,48.88,51.69,-6.62,2026-06-09 21:28:14+00:00
26.11,탑,레넥톤,Renekton,58,15,63,17,A,False,False,3340,5.0,3.87,49.64,51.68,-0.65,2026-06-09 21:28:16+00:00
26.11,탑,쉔,Shen,98,16,66,13,A,False,False,1736,2.6,0.21,52.3,51.5,6.61,2026-06-09 21:28:15+00:00
26.11,탑,사이온,Sion,14,17,67,-6,A,False,False,5128,7.68,1.98,49.2,51.49,-4.42,2026-06-09 21:28:15+00:00
26.11,탑,카시오페아,Cassiopeia,69,18,72,20,A,False,False,928,1.39,6.55,52.69,51.38,4.13,2026-06-09 21:28:16+00:00
26.11,탑,뽀삐,Poppy,78,19,81,-5,B,False,False,1046,1.57,11.22,51.05,51.02,2.09,2026-06-09 21:28:16+00:00
26.11,탑,우르곳,Urgot,6,20,84,10,B,False,False,1262,1.89,0.26,52.93,50.98,6.0,2026-06-09 21:28:16+00:00
26.11,탑,판테온,Pantheon,80,21,91,16,B,False,False,1594,2.39,2.05,51.82,50.68,4.93,2026-06-09 21:28:16+00:00
26.11,탑,아칼리,Akali,84,22,95,0,B,False,False,1829,2.74,19.21,49.48,50.43,-0.83,2026-06-09 21:28:15+00:00
26.11,탑,케넨,Kennen,85,23,102,21,B,False,False,1646,2.47,2.49,49.94,50.3,0.44,2026-06-09 21:28:16+00:00
26.11,탑,신지드,Singed,27,24,110,-7,B,False,False,1762,2.64,1.27,51.48,50.16,4.55,2026-06-09 21:28:17+00:00
26.11,탑,티모,Teemo,17,25,111,-10,B,False,False,2054,3.08,7.59,49.22,50.13,-1.76,2026-06-09 21:28:14+00:00
26.11,탑,세트,Sett,875,27,121,15,B,False,False,1362,2.04,0.45,51.1,49.89,2.74,2026-06-09 21:28:17+00:00
26.11,탑,야스오,Yasuo,157,28,124,-12,B,False,False,2082,3.12,11.45,49.23,49.85,-1.74,2026-06-09 21:28:16+00:00
26.11,탑,나르,Gnar,150,30,129,-9,B,False,False,3369,5.05,3.58,48.2,49.57,-8.18,2026-06-09 21:28:16+00:00
26.11,탑,워윅,Warwick,19,31,131,5,B,False,False,1005,1.51,0.64,53.73,49.54,5.99,2026-06-09 21:28:17+00:00
26.11,탑,트린다미어,Tryndamere,23,32,133,-5,B,False,False,1098,1.65,0.88,50.27,49.5,0.84,2026-06-09 21:28:15+00:00
26.11,탑,요릭,Yorick,83,33,141,0,B,False,False,2043,3.06,5.79,48.7,49.4,-3.44,2026-06-09 21:28:15+00:00
26.11,탑,그웬,Gwen,887,34,144,-15,B,False,False,1203,1.8,0.81,50.04,49.31,0.5,2026-06-09 21:28:17+00:00
26.11,탑,문도 박사,Dr. Mundo,36,35,146,11,B,False,False,1939,2.91,0.39,49.61,49.19,-0.45,2026-06-09 21:28:17+00:00
26.11,탑,클레드,Kled,240,36,148,-5,B,False,False,1061,1.59,0.41,50.05,49.13,0.45,2026-06-09 21:28:17+00:00
26.11,탑,블라디미르,Vladimir,8,37,151,12,B,False,False,1070,1.6,2.03,49.91,49.02,0.23,2026-06-09 21:28:17+00:00
26.11,탑,카밀,Camille,164,38,155,-10,B,False,False,1583,2.37,0.86,49.53,48.83,-0.57,2026-06-09 21:28:16+00:00
26.11,탑,자헨,Zaahen,904,40,161,5,C,False,False,1940,2.91,0.84,48.87,48.46,-2.63,2026-06-09 21:28:16+00:00
26.11,탑,그라가스,Gragas,79,41,163,10,C,False,False,1529,2.29,0.2,49.18,48.42,-1.34,2026-06-09 21:28:15+00:00
26.11,탑,오공,Wukong,62,42,165,6,C,False,False,471,0.71,0.79,52.87,48.36,2.19,2026-06-09 21:28:16+00:00
26.11,탑,우디르,Udyr,77,43,167,15,C,False,False,466,0.7,0.11,53.22,48.31,2.41,2026-06-09 21:28:17+00:00
26.11,탑,퀸,Quinn,133,44,168,-18,C,False,False,373,0.56,1.24,53.08,48.26,1.86,2026-06-09 21:28:17+00:00
26.11,탑,바루스,Varus,110,45,169,17,C,False,False,1282,1.92,16.87,48.91,48.26,-1.68,2026-06-09 21:28:15+00:00
26.11,탑,트위스티드 페이트,Twisted Fate,4,47,176,12,C,False,False,368,0.55,4.08,53.53,48.09,2.08,2026-06-09 21:28:15+00:00
26.11,탑,하이머딩거,Heimerdinger,74,49,196,1,C,False,False,829,1.24,1.44,49.1,47.43,-0.84,2026-06-09 21:28:16+00:00
26.11,탑,라이즈,Ryze,13,51,206,-17,C,False,False,1435,2.15,2.85,48.64,47.08,-2.43,2026-06-09 21:28:17+00:00
26.11,탑,스웨인,Swain,50,52,209,11,C,False,False,457,0.68,0.42,51.42,46.96,1.14,2026-06-09 21:28:17+00:00
26.11,탑,갈리오,Galio,3,53,216,0,C,False,False,340,0.51,3.45,50.29,46.51,0.27,2026-06-09 21:28:16+00:00
26.11,탑,자크,Zac,154,54,218,-14,C,False,False,382,0.57,0.66,50.79,46.44,0.58,2026-06-09 21:28:17+00:00
26.11,탑,아트록스,Aatrox,266,55,220,-20,C,False,False,2771,4.15,2.26,46.95,46.34,-11.92,2026-06-09 21:28:15+00:00
26.11,탑,볼리베어,Volibear,106,56,222,1,C,False,False,1036,1.55,0.46,48.26,45.91,-2.34,2026-06-09 21:28:17+00:00
26.11,탑,오로라,Aurora,893,58,226,-11,C,False,False,757,1.13,1.84,48.88,45.58,-1.01,2026-06-09 21:28:15+00:00
26.11,탑,일라오이,Illaoi,420,60,232,-17,D,False,False,894,1.34,0.64,48.32,45.09,-1.95,2026-06-09 21:28:17+00:00
26.11,탑,모데카이저,Mordekaiser,82,61,233,-7,D,False,False,1500,2.25,0.56,47.0,45.0,-6.25,2026-06-09 21:28:17+00:00
26.11,탑,나서스,Nasus,75,62,235,2,D,False,False,686,1.03,0.22,48.4,44.98,-1.41,2026-06-09 21:28:16+00:00
26.11,탑,빅토르,Viktor,112,66,255,-14,D,False,False,391,0.59,25.67,43.73,37.78,-3.56,2026-06-09 21:28:14+00:00
26.11,정글,리 신,Lee Sin,64,1,1,0,S,True,True,15131,22.67,77.38,51.5,59.25,167.9,2026-06-09 21:28:14+00:00
26.11,정글,니달리,Nidalee,76,2,3,0,S,True,True,6711,10.06,14.58,53.18,56.64,40.28,2026-06-09 21:28:15+00:00
26.11,정글,나피리,Naafiri,950,3,13,14,S,False,False,5395,8.08,25.82,49.6,54.94,-1.36,2026-06-09 21:28:15+00:00
26.11,정글,벨베스,Bel'Veth,200,4,21,1,S,False,True,2630,3.94,5.37,56.43,54.43,27.64,2026-06-09 21:28:15+00:00
26.11,정글,렉사이,Rek'Sai,421,5,23,-1,S,False,False,3429,5.14,8.43,53.31,54.23,19.92,2026-06-09 21:28:15+00:00
26.11,정글,신 짜오,Xin Zhao,5,6,25,-3,S,False,False,8305,12.44,13.09,49.16,53.89,-7.96,2026-06-09 21:28:15+00:00
26.11,정글,탈론,Talon,91,7,50,-1,A,False,False,3582,5.37,6.16,51.14,52.15,7.83,2026-06-09 21:28:16+00:00
26.11,정글,카서스,Karthus,30,8,54,11,A,False,False,1368,2.05,8.31,52.27,51.88,5.49,2026-06-09 21:28:15+00:00
26.11,정글,샤코,Shaco,35,9,55,0,A,False,False,1384,2.07,11.45,52.67,51.81,6.55,2026-06-09 21:28:14+00:00
26.11,정글,녹턴,Nocturne,56,10,64,-2,A,False,False,3271,4.9,6.2,49.4,51.53,-1.72,2026-06-09 21:28:17+00:00
26.11,정글,헤카림,Hecarim,120,11,65,7,A,False,False,2987,4.48,2.67,51.22,51.5,6.84,2026-06-09 21:28:17+00:00
26.11,정글,킨드레드,Kindred,203,12,68,1,A,False,False,2695,4.04,1.4,51.06,51.45,5.41,2026-06-09 21:28:15+00:00
26.11,정글,바이,Vi,254,13,69,3,A,False,False,5938,8.9,4.05,48.8,51.43,-8.62,2026-06-09 21:28:16+00:00
26.11,정글,엘리스,Elise,60,14,73,0,A,False,False,1700,2.55,7.48,52.12,51.36,6.29,2026-06-09 21:28:16+00:00
26.11,정글,렝가,Rengar,107,15,82,10,A,False,False,1480,2.22,3.34,52.3,50.99,5.82,2026-06-09 21:28:16+00:00
26.11,정글,자이라,Zyra,143,16,83,-9,A,False,False,1768,2.65,4.78,52.26,50.99,6.88,2026-06-09 21:28:15+00:00
26.11,정글,그레이브즈,Graves,104,17,85,-2,A,False,False,6207,9.3,10.11,47.88,50.92,-19.15,2026-06-09 21:28:15+00:00
26.11,정글,사일러스,Sylas,517,18,99,-6,B,False,False,3446,5.16,14.09,48.46,50.33,-6.89,2026-06-09 21:28:15+00:00
26.11,정글,카직스,Kha'Zix,121,19,106,5,B,False,False,3098,4.64,1.88,49.32,50.2,-1.95,2026-06-09 21:28:17+00:00
26.11,정글,키아나,Qiyana,246,20,108,0,B,False,False,1423,2.13,6.2,51.16,50.19,3.11,2026-06-09 21:28:17+00:00
26.11,정글,에코,Ekko,245,21,115,13,B,False,False,3350,5.02,1.05,49.16,50.08,-2.89,2026-06-09 21:28:16+00:00
26.11,정글,자르반 4세,Jarvan IV,59,22,116,-1,B,False,False,6247,9.36,1.5,48.12,50.01,-15.34,2026-06-09 21:28:17+00:00
26.11,정글,마스터 이,Master Yi,11,23,119,-1,B,False,False,2279,3.41,1.86,50.07,49.92,1.15,2026-06-09 21:28:17+00:00
26.11,정글,다이애나,Diana,131,24,127,8,B,False,False,2268,3.4,1.79,49.47,49.78,-0.91,2026-06-09 21:28:15+00:00
26.11,정글,이블린,Evelynn,28,25,149,-14,B,False,False,1280,1.92,1.09,50.31,49.09,1.12,2026-06-09 21:28:17+00:00
26.11,정글,피들스틱,Fiddlesticks,9,26,154,16,B,False,False,917,1.37,1.29,50.82,48.86,1.5,2026-06-09 21:28:17+00:00
26.11,정글,탈리야,Taliyah,163,27,156,-17,B,False,False,1096,1.64,0.39,51.0,48.7,2.09,2026-06-09 21:28:17+00:00
26.11,정글,아이번,Ivern,427,28,160,15,B,False,False,595,0.89,0.37,51.09,48.47,1.21,2026-06-09 21:28:17+00:00
26.11,정글,릴리아,Lillia,876,29,162,8,B,False,False,1186,1.78,0.65,49.33,48.45,-0.73,2026-06-09 21:28:17+00:00
26.11,정글,누누와 윌럼프,Nunu & Willump,20,30,170,1,B,False,False,1071,1.6,2.44,49.49,48.24,-0.4,2026-06-09 21:28:17+00:00
26.11,정글,비에고,Viego,234,31,179,2,C,False,False,5353,8.02,1.8,47.02,48.06,-22.15,2026-06-09 21:28:16+00:00
26.11,정글,케인,Kayn,141,32,182,-9,C,False,False,1522,2.28,0.51,48.36,48.01,-3.16,2026-06-09 21:28:16+00:00
26.11,정글,람머스,Rammus,33,33,184,6,C,False,False,384,0.58,0.51,50.52,47.94,0.45,2026-06-09 21:28:17+00:00
26.11,정글,자크,Zac,154,35,188,10,C,False,False,1158,1.74,0.66,49.05,47.83,-1.19,2026-06-09 21:28:17+00:00
26.11,정글,오공,Wukong,62,36,190,-10,C,False,False,2804,4.2,0.79,47.61,47.64,-8.99,2026-06-09 21:28:16+00:00
26.11,정글,스카너,Skarner,72,37,192,-2,C,False,False,881,1.32,1.05,49.15,47.61,-0.78,2026-06-09 21:28:17+00:00
26.11,정글,워윅,Warwick,19,39,200,-10,C,False,False,852,1.28,0.64,50.23,47.26,0.64,2026-06-09 21:28:17+00:00
26.11,정글,세주아니,Sejuani,113,40,204,1,C,False,False,654,0.98,0.06,49.24,47.2,-0.49,2026-06-09 21:28:17+00:00
26.11,정글,제이스,Jayce,126,41,207,-14,C,False,False,4026,6.03,30.11,45.55,47.01,-27.9,2026-06-09 21:28:16+00:00
26.11,정글,잭스,Jax,24,43,217,-3,C,False,False,603,0.9,17.59,48.26,46.51,-1.36,2026-06-09 21:28:16+00:00
26.11,정글,브라이어,Briar,233,46,237,-18,D,False,False,1350,2.02,0.79,46.22,44.84,-7.16,2026-06-09 21:28:16+00:00
26.11,정글,판테온,Pantheon,80,47,238,-17,D,False,False,1676,2.51,2.05,46.18,44.71,-8.97,2026-06-09 21:28:17+00:00
26.11,정글,암베사,Ambessa,799,48,243,-10,D,False,False,1652,2.48,8.09,44.79,43.8,-12.5,2026-06-09 21:28:16+00:00
26.11,정글,그웬,Gwen,887,49,250,-2,D,False,False,363,0.54,0.81,46.56,43.04,-1.73,2026-06-09 21:28:16+00:00
26.11,정글,제드,Zed,238,50,256,-4,D,False,False,553,0.83,22.31,41.41,37.59,-7.08,2026-06-09 21:28:16+00:00
26.11,미드,빅토르,Viktor,112,1,4,3,S,False,False,11024,16.52,25.67,48.49,56.42,-27.0,2026-06-09 21:28:15+00:00
26.11,미드,조이,Zoe,142,2,7,-1,S,False,False,2938,4.4,26.19,51.74,55.91,11.24,2026-06-09 21:28:16+00:00
26.11,미드,제드,Zed,238,3,8,-1,S,False,False,3862,5.79,22.31,51.48,55.55,12.26,2026-06-09 21:28:15+00:00
26.11,미드,오리아나,Orianna,61,4,15,2,A,False,False,5281,7.91,5.64,50.65,54.6,7.68,2026-06-09 21:28:16+00:00
26.11,미드,아칼리,Akali,84,5,17,3,A,False,False,4115,6.17,19.21,49.74,54.55,0.06,2026-06-09 21:28:14+00:00
26.11,미드,트위스티드 페이트,Twisted Fate,4,6,18,-3,A,False,False,6003,9.0,4.08,50.66,54.53,8.62,2026-06-09 21:28:16+00:00
26.11,미드,카타리나,Katarina,55,7,22,0,A,False,False,3136,4.7,5.66,52.97,54.26,16.04,2026-06-09 21:28:17+00:00
26.11,미드,갈리오,Galio,3,8,26,3,A,False,False,5858,8.78,3.45,49.68,53.82,-0.55,2026-06-09 21:28:15+00:00
26.11,미드,아리,Ahri,103,9,30,0,A,False,False,5136,7.7,2.45,50.56,53.64,6.53,2026-06-09 21:28:16+00:00
26.11,미드,사일러스,Sylas,517,10,33,2,A,False,False,5167,7.74,14.09,49.06,53.42,-5.61,2026-06-09 21:28:15+00:00
26.11,미드,리산드라,Lissandra,127,11,34,-1,A,False,False,3484,5.22,1.33,52.5,53.2,14.57,2026-06-09 21:28:16+00:00
26.11,미드,키아나,Qiyana,246,12,39,2,A,False,False,2194,3.29,6.2,52.46,52.93,9.28,2026-06-09 21:28:17+00:00
26.11,미드,야스오,Yasuo,157,13,40,5,A,False,False,2875,4.31,11.45,51.13,52.91,6.39,2026-06-09 21:28:16+00:00
26.11,미드,카시오페아,Cassiopeia,69,14,43,-1,A,False,False,2711,4.06,6.55,50.06,52.57,1.35,2026-06-09 21:28:16+00:00
26.11,미드,라이즈,Ryze,13,15,46,9,A,False,False,5568,8.34,2.85,48.92,52.49,-6.94,2026-06-09 21:28:17+00:00
26.11,미드,탈론,Talon,91,16,49,-1,A,False,False,2921,4.38,6.16,50.67,52.36,4.19,2026-06-09 21:28:16+00:00
26.11,미드,애니비아,Anivia,34,17,51,5,A,False,False,2933,4.39,7.67,49.13,52.14,-2.78,2026-06-09 21:28:16+00:00
26.11,미드,이렐리아,Irelia,39,18,56,5,B,False,False,1594,2.39,23.69,49.94,51.81,0.52,2026-06-09 21:28:14+00:00
26.11,미드,블라디미르,Vladimir,8,19,58,10,B,False,False,2499,3.74,2.03,50.74,51.77,3.81,2026-06-09 21:28:16+00:00
26.11,미드,르블랑,LeBlanc,7,20,70,-15,B,False,False,2270,3.4,36.76,47.49,51.43,-10.72,2026-06-09 21:28:15+00:00
26.11,미드,신드라,Syndra,134,21,75,7,B,False,False,2239,3.36,0.45,51.99,51.35,7.59,2026-06-09 21:28:16+00:00
26.11,미드,제라스,Xerath,101,22,76,-3,B,False,False,2735,4.1,2.97,49.43,51.34,-1.26,2026-06-09 21:28:15+00:00
26.11,미드,다이애나,Diana,131,23,77,-2,B,False,False,2323,3.48,1.79,49.81,51.21,0.25,2026-06-09 21:28:16+00:00
26.11,미드,피즈,Fizz,105,24,86,-7,B,False,False,2255,3.38,1.66,49.31,50.86,-1.45,2026-06-09 21:28:15+00:00
26.11,미드,신지드,Singed,27,25,87,7,B,False,False,703,1.05,1.27,52.92,50.79,3.36,2026-06-09 21:28:16+00:00
26.11,미드,누누와 윌럼프,Nunu & Willump,20,26,88,7,B,False,False,1245,1.87,2.44,51.81,50.73,3.91,2026-06-09 21:28:16+00:00
26.11,미드,판테온,Pantheon,80,27,89,3,B,False,False,852,1.28,2.05,53.76,50.71,5.15,2026-06-09 21:28:17+00:00
26.11,미드,애니,Annie,1,28,90,-12,B,False,False,2231,3.34,0.71,50.07,50.7,1.11,2026-06-09 21:28:17+00:00
26.11,미드,아우렐리온 솔,Aurelion Sol,136,29,92,8,B,False,False,1235,1.85,0.22,52.31,50.56,4.77,2026-06-09 21:28:17+00:00
26.11,미드,니코,Neeko,518,30,93,16,B,False,False,469,0.7,3.88,53.73,50.47,2.83,2026-06-09 21:28:15+00:00
26.11,미드,럭스,Lux,99,31,109,-4,C,False,False,775,1.16,0.39,52.0,50.17,2.63,2026-06-09 21:28:17+00:00
26.11,미드,벡스,Vex,711,32,113,-7,C,False,False,1203,1.8,2.08,50.79,50.11,1.94,2026-06-09 21:28:17+00:00
26.11,미드,말자하,Malzahar,90,33,114,3,C,False,False,1610,2.41,0.78,49.63,50.1,-0.26,2026-06-09 21:28:17+00:00
26.11,미드,아크샨,Akshan,166,34,122,1,C,False,False,1004,1.5,1.15,49.3,49.88,-0.66,2026-06-09 21:28:14+00:00
26.11,미드,요네,Yone,777,35,125,6,C,False,False,4409,6.61,6.46,47.24,49.84,-16.98,2026-06-09 21:28:14+00:00
26.11,미드,제이스,Jayce,126,36,126,6,C,False,False,1176,1.76,30.11,49.23,49.82,-0.91,2026-06-09 21:28:14+00:00
26.11,미드,에코,Ekko,245,37,134,-11,C,False,False,1424,2.13,1.05,48.88,49.5,-1.84,2026-06-09 21:28:17+00:00
26.11,미드,사이온,Sion,14,38,136,2,C,False,False,835,1.25,1.98,49.46,49.46,-0.34,2026-06-09 21:28:16+00:00
26.11,미드,흐웨이,Hwei,910,39,138,0,C,False,False,2349,3.52,1.22,48.32,49.44,-5.04,2026-06-09 21:28:17+00:00
26.11,미드,베이가,Veigar,45,40,145,5,C,False,False,669,1.0,0.07,51.42,49.25,1.69,2026-06-09 21:28:17+00:00
26.11,미드,오로라,Aurora,893,41,152,-21,C,False,False,2879,4.31,1.84,47.69,48.9,-8.96,2026-06-09 21:28:16+00:00
26.11,미드,스웨인,Swain,50,42,174,-4,C,False,False,440,0.66,0.42,51.36,48.14,1.07,2026-06-09 21:28:17+00:00
26.11,미드,카사딘,Kassadin,38,43,175,1,C,False,False,950,1.42,0.34,48.42,48.13,-1.88,2026-06-09 21:28:17+00:00
26.11,미드,나피리,Naafiri,950,44,178,-13,C,False,False,936,1.4,25.82,47.22,48.08,-3.66,2026-06-09 21:28:16+00:00
26.11,미드,신 짜오,Xin Zhao,5,45,183,2,C,False,False,364,0.55,13.09,51.37,48.0,0.9,2026-06-09 21:28:16+00:00
26.11,미드,암베사,Ambessa,799,46,198,-3,C,False,False,345,0.52,8.09,48.7,47.42,-0.54,2026-06-09 21:28:15+00:00
26.11,미드,아지르,Azir,268,47,203,4,C,False,False,1331,1.99,0.3,47.33,47.2,-4.81,2026-06-09 21:28:17+00:00
26.11,미드,브랜드,Brand,63,48,213,0,D,False,False,373,0.56,0.62,49.33,46.7,-0.23,2026-06-09 21:28:17+00:00
26.11,미드,탈리야,Taliyah,163,50,221,-16,D,False,False,1364,2.04,0.39,46.33,46.13,-6.97,2026-06-09 21:28:17+00:00
26.11,미드,멜,Mel,800,51,230,-1,D,False,False,1359,2.04,10.68,44.96,45.2,-10.13,2026-06-09 21:28:16+00:00
26.11,미드,트리스타나,Tristana,18,52,242,2,D,False,False,451,0.68,0.96,45.23,43.88,-3.05,2026-06-09 21:28:17+00:00
26.11,미드,코르키,Corki,42,53,244,2,D,False,False,416,0.62,0.04,46.15,43.48,-2.23,2026-06-09 21:28:17+00:00
26.11,미드,스몰더,Smolder,901,54,257,-1,D,False,False,339,0.51,10.29,37.76,34.42,-6.17,2026-06-09 21:28:15+00:00
26.11,바텀,애쉬,Ashe,22,1,9,1,S,False,True,9491,14.22,20.37,50.91,55.44,23.55,2026-06-09 21:28:14+00:00
26.11,바텀,바루스,Varus,110,2,14,2,S,False,True,10156,15.22,16.87,50.91,54.76,23.51,2026-06-09 21:28:15+00:00
26.11,바텀,드레이븐,Draven,119,3,41,0,A,False,False,1446,2.17,11.9,53.04,52.82,8.42,2026-06-09 21:28:16+00:00
26.11,바텀,세나,Senna,235,4,42,15,A,False,True,5943,8.91,4.82,52.01,52.78,22.31,2026-06-09 21:28:16+00:00
26.11,바텀,이즈리얼,Ezreal,81,5,52,7,A,False,False,18754,28.1,26.53,47.93,52.13,-62.96,2026-06-09 21:28:15+00:00
26.11,바텀,제리,Zeri,221,6,59,4,A,False,False,6798,10.19,1.65,50.46,51.73,9.0,2026-06-09 21:28:16+00:00
26.11,바텀,징크스,Jinx,222,7,60,4,A,False,False,4447,6.66,0.68,51.65,51.7,13.86,2026-06-09 21:28:16+00:00
26.11,바텀,유나라,Yunara,804,8,74,15,A,False,False,6426,9.63,2.58,49.97,51.36,3.78,2026-06-09 21:28:15+00:00
26.11,바텀,카시오페아,Cassiopeia,69,9,94,5,B,False,False,783,1.17,6.55,54.02,50.44,5.27,2026-06-09 21:28:15+00:00
26.11,바텀,미스 포츈,Miss Fortune,21,10,96,8,B,False,False,3262,4.89,0.64,50.55,50.4,4.75,2026-06-09 21:28:17+00:00
26.11,바텀,카이사,Kai'Sa,145,11,97,21,B,False,False,8905,13.34,0.98,49.4,50.37,-2.52,2026-06-09 21:28:14+00:00
26.11,바텀,제라스,Xerath,101,12,98,14,B,False,False,1440,2.16,2.97,52.15,50.34,5.58,2026-06-09 21:28:17+00:00
26.11,바텀,트리스타나,Tristana,18,13,100,0,B,False,False,2389,3.58,0.96,50.31,50.32,2.62,2026-06-09 21:28:16+00:00
26.11,바텀,시비르,Sivir,15,14,103,-8,B,False,False,3567,5.34,3.84,49.79,50.26,1.13,2026-06-09 21:28:14+00:00
26.11,바텀,진,Jhin,202,15,104,0,B,False,False,13202,19.78,1.5,48.55,50.22,-20.75,2026-06-09 21:28:16+00:00
26.11,바텀,스웨인,Swain,50,16,105,14,B,False,False,803,1.2,0.42,53.55,50.2,4.77,2026-06-09 21:28:17+00:00
26.11,바텀,케이틀린,Caitlyn,51,17,107,-9,B,False,False,8872,13.29,12.52,48.17,50.19,-21.44,2026-06-09 21:28:14+00:00
26.11,바텀,자야,Xayah,498,19,135,-12,B,False,False,2263,3.39,0.4,49.8,49.49,0.73,2026-06-09 21:28:14+00:00
26.11,바텀,티모,Teemo,17,20,147,4,B,False,False,1161,1.74,7.59,50.04,49.13,0.82,2026-06-09 21:28:15+00:00
26.11,바텀,아펠리오스,Aphelios,523,21,150,-16,B,False,False,5022,7.53,1.76,49.02,49.03,-4.31,2026-06-09 21:28:14+00:00
26.11,바텀,야스오,Yasuo,157,22,153,-13,B,False,False,482,0.72,11.45,53.73,48.9,3.03,2026-06-09 21:28:16+00:00
26.11,바텀,직스,Ziggs,115,23,157,-2,B,False,False,1695,2.54,0.26,49.97,48.67,0.98,2026-06-09 21:28:15+00:00
26.11,바텀,베인,Vayne,67,24,164,10,C,False,False,595,0.89,12.65,50.08,48.37,0.45,2026-06-09 21:28:16+00:00
26.11,바텀,코그모,Kog'Maw,96,25,166,-3,C,False,False,693,1.04,0.1,51.52,48.33,2.0,2026-06-09 21:28:17+00:00
26.11,바텀,루시안,Lucian,236,26,181,-9,C,False,False,7857,11.77,9.12,47.22,48.03,-30.61,2026-06-09 21:28:15+00:00
26.11,바텀,벨코즈,Vel'Koz,161,27,185,-2,C,False,False,531,0.8,0.38,52.73,47.88,2.5,2026-06-09 21:28:17+00:00
26.11,바텀,사미라,Samira,360,28,189,-12,C,False,False,1184,1.77,0.3,49.83,47.78,0.44,2026-06-09 21:28:17+00:00
26.11,바텀,블라디미르,Vladimir,8,30,194,-10,C,False,False,532,0.8,2.03,50.19,47.52,0.48,2026-06-09 21:28:16+00:00
26.11,바텀,코르키,Corki,42,32,212,-5,C,False,False,1074,1.61,0.04,48.7,46.75,-1.43,2026-06-09 21:28:17+00:00
26.11,바텀,멜,Mel,800,34,231,-1,D,False,False,1372,2.06,10.68,46.87,45.15,-5.83,2026-06-09 21:28:16+00:00
26.11,바텀,트위치,Twitch,29,35,246,-6,D,False,False,723,1.08,0.24,46.89,43.26,-2.93,2026-06-09 21:28:17+00:00
26.11,바텀,칼리스타,Kalista,429,37,252,-6,D,False,False,637,0.95,0.14,46.47,42.56,-2.98,2026-06-09 21:28:17+00:00
26.11,서폿,바드,Bard,432,1,2,0,S,True,True,10320,15.46,18.51,51.73,56.94,35.82,2026-06-09 21:28:15+00:00
26.11,서폿,노틸러스,Nautilus,111,2,5,0,S,True,False,11230,16.83,16.55,50.02,56.3,3.49,2026-06-09 21:28:15+00:00
26.11,서폿,파이크,Pyke,555,3,11,0,S,False,False,5113,7.66,63.17,49.91,55.14,1.38,2026-06-09 21:28:15+00:00
26.11,서폿,쓰레쉬,Thresh,412,4,12,2,S,False,True,6952,10.42,7.8,52.29,55.01,27.59,2026-06-09 21:28:16+00:00
26.11,서폿,카르마,Karma,43,5,16,-1,A,False,False,8194,12.28,24.8,48.58,54.58,-20.37,2026-06-09 21:28:15+00:00
26.11,서폿,브라움,Braum,201,6,24,4,A,False,False,4199,6.29,8.75,52.51,54.17,18.39,2026-06-09 21:28:16+00:00
26.11,서폿,렐,Rell,526,7,28,2,A,False,True,4630,6.94,1.79,54.34,53.75,31.76,2026-06-09 21:28:16+00:00
26.11,서폿,블리츠크랭크,Blitzcrank,53,8,32,-1,A,False,False,4780,7.16,11.53,50.15,53.45,2.44,2026-06-09 21:28:15+00:00
26.11,서폿,세라핀,Seraphine,147,9,35,-4,A,False,False,5610,8.41,5.04,50.78,53.16,8.27,2026-06-09 21:28:16+00:00
26.11,서폿,레오나,Leona,89,10,37,-2,A,False,False,4780,7.16,3.55,52.26,53.1,17.93,2026-06-09 21:28:15+00:00
26.11,서폿,알리스타,Alistar,12,11,44,4,A,False,False,4381,6.56,1.67,52.0,52.53,14.36,2026-06-09 21:28:16+00:00
26.11,서폿,룰루,Lulu,117,12,53,0,A,False,False,5957,8.93,4.7,49.07,52.07,-7.26,2026-06-09 21:28:14+00:00
26.11,서폿,뽀삐,Poppy,78,13,61,-2,A,False,False,2037,3.05,11.22,50.91,51.69,3.47,2026-06-09 21:28:16+00:00
26.11,서폿,세나,Senna,235,14,71,0,A,False,False,2921,4.38,4.82,50.7,51.41,3.81,2026-06-09 21:28:17+00:00
26.11,서폿,엘리스,Elise,60,15,78,-2,A,False,False,1838,2.75,7.48,51.25,51.09,4.03,2026-06-09 21:28:15+00:00
26.11,서폿,라칸,Rakan,497,16,79,0,A,False,False,3944,5.91,0.57,49.9,51.06,0.32,2026-06-09 21:28:14+00:00
26.11,서폿,타릭,Taric,44,17,80,17,A,False,False,1001,1.5,0.13,56.14,51.06,9.46,2026-06-09 21:28:17+00:00
26.11,서폿,판테온,Pantheon,80,18,101,-1,B,False,False,2384,3.57,2.05,49.62,50.31,-0.8,2026-06-09 21:28:17+00:00
26.11,서폿,카밀,Camille,164,19,112,6,B,False,False,2600,3.9,0.86,50.69,50.13,3.32,2026-06-09 21:28:16+00:00
26.11,서폿,마오카이,Maokai,57,20,117,0,B,False,False,1416,2.12,0.17,52.33,49.95,5.28,2026-06-09 21:28:17+00:00
26.11,서폿,탐 켄치,Tahm Kench,223,21,120,21,B,False,False,1110,1.66,0.24,52.88,49.9,5.06,2026-06-09 21:28:17+00:00
26.11,서폿,스카너,Skarner,72,22,130,13,B,False,False,1676,2.51,1.05,51.07,49.57,3.11,2026-06-09 21:28:17+00:00
26.11,서폿,니코,Neeko,518,23,132,-1,B,False,False,2032,3.04,3.88,48.72,49.52,-3.53,2026-06-09 21:28:14+00:00
26.11,서폿,자이라,Zyra,143,24,137,-1,B,False,False,1188,1.78,4.78,50.76,49.45,1.65,2026-06-09 21:28:15+00:00
26.11,서폿,르블랑,LeBlanc,7,25,139,16,B,False,False,542,0.81,36.76,51.48,49.43,1.42,2026-06-09 21:28:15+00:00
26.11,서폿,샤코,Shaco,35,26,140,5,B,False,False,863,1.29,11.45,50.29,49.41,0.6,2026-06-09 21:28:15+00:00
26.11,서폿,소나,Sona,37,27,142,2,B,False,False,1095,1.64,0.05,50.5,49.4,1.08,2026-06-09 21:28:17+00:00
26.11,서폿,질리언,Zilean,26,28,143,-10,B,False,False,1563,2.34,0.47,50.67,49.37,1.94,2026-06-09 21:28:17+00:00
26.11,서폿,모르가나,Morgana,25,29,158,-5,C,False,False,1349,2.02,2.06,48.48,48.55,-2.8,2026-06-09 21:28:17+00:00
26.11,서폿,피들스틱,Fiddlesticks,9,30,172,-4,C,False,False,442,0.66,1.29,52.26,48.17,1.61,2026-06-09 21:28:17+00:00
26.11,서폿,조이,Zoe,142,31,173,-12,C,False,False,430,0.64,26.19,48.6,48.15,-0.83,2026-06-09 21:28:15+00:00
26.11,서폿,밀리오,Milio,902,32,177,8,C,False,False,2521,3.78,0.52,47.96,48.09,-7.17,2026-06-09 21:28:17+00:00
26.11,서폿,벨코즈,Vel'Koz,161,33,186,6,C,False,False,932,1.4,0.38,48.71,47.88,-1.58,2026-06-09 21:28:17+00:00
26.11,서폿,자르반 4세,Jarvan IV,59,34,195,3,C,False,False,474,0.71,1.5,51.27,47.47,1.01,2026-06-09 21:28:17+00:00
26.11,서폿,잔나,Janna,40,38,208,5,C,False,False,755,1.13,0.03,49.01,46.98,-0.95,2026-06-09 21:28:17+00:00
26.11,서폿,갈리오,Galio,3,39,210,6,C,False,False,807,1.21,3.45,48.08,46.95,-2.14,2026-06-09 21:28:17+00:00
26.11,서폿,스웨인,Swain,50,40,211,-10,C,False,False,1000,1.5,0.42,48.0,46.95,-2.77,2026-06-09 21:28:16+00:00
26.11,서폿,럭스,Lux,99,41,215,-9,C,False,False,2052,3.07,0.39,46.49,46.51,-10.34,2026-06-09 21:28:17+00:00
26.11,서폿,사일러스,Sylas,517,42,223,-9,C,False,False,956,1.43,14.09,47.07,45.89,-4.02,2026-06-09 21:28:15+00:00
26.11,서폿,애니비아,Anivia,34,43,229,-5,C,False,False,735,1.1,7.67,47.07,45.47,-3.08,2026-06-09 21:28:16+00:00
26.11,서폿,제라스,Xerath,101,44,239,0,D,False,False,1170,1.75,2.97,45.56,44.41,-7.57,2026-06-09 21:28:16+00:00
26.11,서폿,소라카,Soraka,16,45,240,-18,D,False,False,1166,1.75,0.12,45.54,44.19,-7.53,2026-06-09 21:28:17+00:00
26.11,서폿,멜,Mel,800,46,245,2,D,False,False,905,1.36,10.68,44.75,43.43,-7.1,2026-06-09 21:28:16+00:00
26.11,서폿,브랜드,Brand,63,47,248,-11,D,False,False,612,0.92,0.62,44.61,43.18,-4.81,2026-06-09 21:28:17+00:00
26.11,서폿,나미,Nami,267,48,249,-20,D,False,False,1271,1.9,0.15,44.3,43.15,-10.58,2026-06-09 21:28:16+00:00
26.11,서폿,유미,Yuumi,350,50,254,-4,D,False,False,2655,3.98,8.36,41.02,41.6,-38.32,2026-06-09 21:28:17+00:00
