order_id,customer_age,region,membership,channel,category,price,quantity,amount
O00001,38.0,서울,basic,app,식품,89900.0,1,89900.0
O00002,41.0,부산,vip,app,패션,249900.0,2,499800.0
O00003,27.0,경기,basic,app,도서,19900.0,1,19900.0
O00004,,부산,silver,web,도서,9900.0,1,9900.0
O00005,8.0,대구,basic,app,뷰티,19900.0,1,19900.0
O00006,999.0,경기,silver,web,식품,29900.0,1,29900.0
O00007,35.0,경기,basic,web,뷰티,9900.0,1,9900.0
O00008,39.0,서울,basic,app,도서,89900.0,3,269700.0
O00009,-3.0,서울,basic,APP,뷰티,19900.0,2,39800.0
O00010,28.0,경기,silver,web,뷰티,19900.0,3,59700.0
O00011,30.0,부산,basic,app,도서,9900.0,3,29700.0
O00012,45.0,인천,silver,app,가전,19900.0,1,19900.0
O00013,51.0,서울,silver,app,뷰티,9900.0,80,9900.0
O00014,33.0,서울,silver,web,가전,9900.0,2,19800.0
O00015,25.0,서울,vip,web,뷰티,29900.0,3,89700.0
O00016,41.0,대구,silver,web,가전,9900.0,1,
O00017,19.0,서울,silver,app,도서,249900.0,1,249900.0
O00018,30.0,경기,silver,web,패션,19900.0,1,19900.0
O00019,19.0,대구,silver,app,패션,9900.0,3,29700.0
O00020,37.0,서울,basic,web,뷰티,9900.0,1,9900.0
O00021,44.0, 서울 ,basic,app,가전,9900.0,1,9900.0
O00022,30.0,Seoul,silver,app,식품,19900.0,1,19900.0
O00023,47.0,서울,basic,web,뷰티,29900.0,1,29900.0
O00024,23.0,경기,silver,app ,도서,49900.0,1,49900.0
O00025,50.0,대구,gold,app,식품,29900.0,2,59800.0
O00026,41.0,서울,gold,app,뷰티,29900.0,1,29900.0
O00027,35.0,경기,gold,web,도서,89900.0,3,269700.0
O00028,36.0,부산,basic,web,가전,19900.0,1,19900.0
O00029,40.0,부산,basic,app,식품,19900.0,1,19900.0
O00030,30.0,경기,basic,web,뷰티,29900.0,1,29900.0
O00031,24.0,서울,silver,app,패션,49900.0,1,49900.0
O00032,41.0,경기,basic,app,도서,19900.0,1,19900.0
O00033,23.0,서울,basic,app ,패션,19900.0,3,59700.0
O00034,42.0,경기,vip,app,식품,9900.0,1,9900.0
O00035,31.0,서울,basic,web,패션,29900.0,1,29900.0
O00036,44.0,인천,basic,web,패션,29900.0,1,29900.0
O00037,47.0,부산,silver,app,도서,19900.0,2,
O00038,44.0,서울,silver,web,가전,29900.0,1,29900.0
O00039,68.0,경기,basic,app,식품,19900.0,3,59700.0
O00040,46.0,서울,basic,app,도서,29900.0,1,29900.0
O00041,43.0,경기,VIP,web,패션,19900.0,1,19900.0
O00042,42.0,서울,basic,app,패션,29900.0,1,29900.0
O00043,29.0,부산,silver,web,뷰티,249900.0,1,249900.0
O00044,40.0,서울,vip,app,뷰티,29900.0,2,59800.0
O00045,39.0,경기,basic,web,도서,89900.0,1,89900.0
O00046,45.0,부산,silver,app,도서,89900.0,1,89900.0
O00047,26.0,경기,gold,web,뷰티,29900.0,2,59800.0
O00048,21.0,대구,silver,web,뷰티,29900.0,2,59800.0
O00049,21.0,서울,basic,web,도서,19900.0,2,39800.0
O00050,39.0,부산,basic,app,가전,29900.0,2,59800.0
O00051,27.0,경기,basic,web,뷰티,49900.0,1,49900.0
O00052,23.0,경기,basic,app,뷰티,9900.0,2,19800.0
O00053,28.0,경기,gold,app,식품,19900.0,1,19900.0
O00054,43.0,경기,silver,web,가전,89900.0,1,89900.0
O00055,44.0,경기,basic,app,도서,249900.0,1,249900.0
O00056,24.0,서울,gold,APP,도서,89900.0,1,89900.0
O00057,46.0,서울,basic,app,패션,89900.0,1,89900.0
O00058,32.0,부산,silver,web,식품,19900.0,2,39800.0
O00059,41.0,경기,silver,app,도서,49900.0,2,99800.0
O00060,33.0,부산,basic,app,패션,9900.0,2,19800.0
O00061,34.0,대구,gold,app,가전,9900.0,2,19800.0
O00062,37.0,부산,silver,web,가전,249900.0,1,
O00063,38.0,서울,basic,web,뷰티,19900.0,1,19900.0
O00064,15.0,서울,basic,web,식품,9900.0,1,9900.0
O00065,21.0,경기,basic,web,패션,9900.0,1,9900.0
O00066,26.0,서울,vip,app,도서,89900.0,3,269700.0
O00067,35.0,대구,silver,web,가전,89900.0,2,179800.0
O00068,43.0,대구,vip,app,패션,9900.0,2,19800.0
O00069,37.0,인천,gold,web,식품,19900.0,1,19900.0
O00070,29.0,경기,gold,web,도서,89900.0,1,89900.0
O00071,30.0,인천,basic,web,도서,19900.0,1,19900.0
O00072,26.0,서울,gold,app ,식품,9900.0,2,19800.0
O00073,29.0,서울,basic,app ,뷰티,29900.0,3,89700.0
O00074,29.0,경기,gold,web,식품,9900.0,3,
O00075,52.0,부산,silver,web,패션,9900.0,3,29700.0
O00076,36.0,경기,silver,web,패션,49900.0,1,49900.0
O00077,31.0,서울,basic,web,가전,49900.0,1,49900.0
O00078,32.0,서울,silver,APP,도서,9900.0,1,9900.0
O00079,46.0,서울,silver,app,패션,129900.0,1,129900.0
O00080,27.0,서울,silver,web,식품,19900.0,2,39800.0
O00081,30.0,서울,basic,app,도서,49900.0,1,49900.0
O00082,28.0,경기,basic,app,도서,19900.0,2,39800.0
O00083,,경기,silver,app,식품,49900.0,2,99800.0
O00084,43.0,부산,gold,app,도서,19900.0,1,19900.0
O00085,33.0,부산,basic,web,도서,19900.0,3,59700.0
O00086,33.0,경기,gold,app,식품,49900.0,2,
O00087,35.0,경기,vip,APP,식품,89900.0,1,89900.0
O00088,44.0,부산,basic,app,패션,89900.0,3,269700.0
O00089,43.0,인천,silver,app,가전,49900.0,3,149700.0
O00090,44.0,부산,basic,web,도서,29900.0,1,29900.0
O00091,18.0,인천,basic,web,가전,89900.0,1,89900.0
O00092,36.0,대구,basic,web,뷰티,19900.0,1,19900.0
O00093,48.0,서울,basic,web,뷰티,19900.0,2,39800.0
O00094,37.0,인천,basic,web,패션,29900.0,3,89700.0
O00095,47.0,서울,silver,web,가전,89900.0,2,179800.0
O00096,48.0,경기,basic,app,도서,49900.0,1,49900.0
O00097,15.0,부산,basic,app,식품,29900.0,2,59800.0
O00098,23.0,부산,gold,app,식품,29900.0,2,59800.0
O00099,22.0,서울,vip,app,뷰티,19900.0,1,19900.0
O00100,34.0,부산,basic,app,도서,19900.0,3,59700.0
O00101,25.0,서울,basic,app,가전,9900.0,1,9900.0
O00102,48.0,서울,silver,app,가전,129900.0,2,259800.0
O00103,15.0,인천,basic,app,식품,29900.0,1,29900.0
O00104,52.0,경기,gold,app,가전,19900.0,1,19900.0
O00105,40.0,경기,basic,web,식품,29900.0,1,29900.0
O00106,3.0,부산,basic,app,패션,49900.0,3,149700.0
O00107,44.0,인천,basic,web,식품,19900.0,1,19900.0
O00108,39.0,부산,basic,web,가전,29900.0,3,89700.0
O00109,45.0,서울,basic,app,도서,19900.0,3,59700.0
O00110,46.0,경기,vip,web,식품,89900.0,2,179800.0
O00111,45.0,경기,silver,app,패션,89900.0,1,89900.0
O00112,40.0,서울,silver,web,식품,9900.0,1,9900.0
O00113,41.0,경기,vip,web,뷰티,89900.0,1,89900.0
O00114,33.0,경기,silver,app,도서,9900.0,2,19800.0
O00115,50.0,인천,silver,app,뷰티,9900.0,1,9900.0
O00116,22.0,대구,basic,web,가전,9900.0,3,29700.0
O00117,32.0,서울,basic,app ,뷰티,49900.0,2,99800.0
O00118,36.0,서울,silver,web,가전,29900.0,2,59800.0
O00119,19.0,부산,gold,app,뷰티,19900.0,2,39800.0
O00120,21.0,서울,basic,app ,가전,19900.0,2,39800.0
O00121,30.0,서울,basic,app,식품,9900.0,1,9900.0
O00122,27.0,경기,basic,web,뷰티,9900.0,3,29700.0
O00123,47.0,서울,basic,app ,식품,29900.0,2,59800.0
O00124,30.0,부산,silver,app,뷰티,29900.0,1,29900.0
O00125,48.0,인천,vip,web,식품,19900.0,1,19900.0
O00126,39.0,서울,vip,APP,식품,89900.0,2,179800.0
O00127,41.0,경기,silver,app,패션,19900.0,1,19900.0
O00128,50.0,부산,basic,web,뷰티,29900.0,1,29900.0
O00129,11.0,대구,basic,web,뷰티,9900.0,1,9900.0
O00130,33.0,서울,silver,web,식품,49900.0,2,99800.0
O00131,32.0,서울,vip,app,뷰티,129900.0,2,259800.0
O00132,39.0,인천,basic,app,가전,89900.0,3,269700.0
O00133,26.0,대구,gold,web,뷰티,29900.0,3,89700.0
O00134,47.0,서울,gold,web,식품,49900.0,1,49900.0
O00135,34.0,경기,basic,web,가전,9900.0,3,29700.0
O00136,17.0,부산,vip,app,패션,89900.0,2,179800.0
O00137,34.0,인천,silver,web,도서,9900.0,2,19800.0
O00138,35.0,서울,gold,app,뷰티,29900.0,2,59800.0
O00139,37.0,부산,silver,app,뷰티,19900.0,2,39800.0
O00140,29.0,인천,silver,app,패션,89900.0,1,89900.0
O00141,41.0,경기,gold,web,도서,9900.0,3,29700.0
O00142,54.0,서울,gold,web,가전,29900.0,1,29900.0
O00143,36.0,서울,basic,web,식품,29900.0,2,59800.0
O00144,39.0,서울,basic,web,패션,19900.0,1,19900.0
O00145,38.0,인천,vip,app,뷰티,29900.0,2,
O00146,43.0,서울,basic,web,패션,29900.0,2,59800.0
O00147,43.0,서울,basic,app,도서,49900.0,1,49900.0
O00148,31.0,서울,basic,web,가전,9900.0,2,19800.0
O00149,24.0,서울,basic,web,뷰티,89900.0,2,179800.0
O00150,38.0,서울,silver,web,패션,49900.0,3,149700.0
O00151,27.0,서울,basic,APP,패션,9900.0,2,19800.0
O00152,32.0,경기,basic,web,뷰티,49900.0,2,99800.0
O00153,29.0,부산,silver,web,식품,29900.0,2,59800.0
O00154,22.0,경기,basic,app,패션,19900.0,1,19900.0
O00155,46.0,서울,gold,web,뷰티,49900.0,2,99800.0
O00156,54.0,서울,silver,web,도서,89900.0,2,179800.0
O00157,45.0,경기,basic,web,가전,249900.0,2,499800.0
O00158,34.0,대구,silver,app ,패션,89900.0,1,89900.0
O00159,43.0,대구,silver,web,식품,19900.0,2,39800.0
O00160,37.0,서울,basic,web,식품,19900.0,1,19900.0
O00161,15.0,서울,basic,app,가전,19900.0,1,19900.0
O00162,26.0,인천,vip,web,패션,49900.0,1,49900.0
O00163,25.0,대구,basic,web,가전,19900.0,1,19900.0
O00164,28.0,경기,basic,web,패션,19900.0,1,
O00165,36.0,부산,silver,app,도서,129900.0,1,129900.0
O00166,44.0,인천,vip,app ,패션,9900.0,1,9900.0
O00167,52.0,경기,basic,app ,패션,19900.0,1,19900.0
O00168,27.0,인천,basic,web,식품,19900.0,1,19900.0
O00169,26.0,서울,silver,app ,가전,19900.0,1,
O00170,28.0,서울,vip,web,뷰티,19900.0,2,39800.0
O00171,41.0,서울,basic,web,도서,19900.0,1,19900.0
O00172,41.0,서울,vip,app,뷰티,49900.0,1,49900.0
O00173,28.0,대구,basic,web,도서,9900.0,3,29700.0
O00174,29.0,서울,gold,APP,패션,9900.0,3,29700.0
O00175,33.0,부산,basic,app,식품,19900.0,1,19900.0
O00176,37.0,서울,silver,web,뷰티,49900.0,2,99800.0
O00177,37.0,서울,gold,app,가전,9900.0,2,19800.0
O00178,41.0,경기,basic,app,식품,19900.0,1,19900.0
O00179,19.0,서울,gold,web,식품,19900.0,3,59700.0
O00180,44.0,경기,silver,web,가전,29900.0,2,59800.0
O00181,38.0,경기,basic,web,도서,19900.0,2,39800.0
O00182,9.0,서울,basic,app ,도서,19900.0,1,19900.0
O00183,29.0,부산,silver,app,식품,9900.0,1,9900.0
O00184,34.0,서울,basic,web,패션,9900.0,2,19800.0
O00185,33.0,서울,silver,APP,가전,29900.0,1,29900.0
O00186,35.0,서울,basic,web,도서,29900.0,3,89700.0
O00187,35.0,서울,basic,web,패션,49900.0,2,99800.0
O00188,34.0,서울,basic,web,가전,9900.0,1,
O00189,40.0,대구,silver,app,식품,9900.0,1,9900.0
O00190,29.0,인천,basic,app ,도서,29900.0,1,29900.0
O00191,49.0,서울,basic,app,도서,9900.0,3,29700.0
O00192,31.0,서울,silver,web,식품,49900.0,2,99800.0
O00193,38.0,서울,basic,web,패션,29900.0,1,29900.0
O00194,39.0,경기,basic,app,식품,19900.0,1,19900.0
O00195,30.0,서울,basic,web,뷰티,19900.0,2,39800.0
O00196,34.0,경기,gold,app,뷰티,19900.0,2,39800.0
O00197,26.0,대구,basic,app,식품,19900.0,1,19900.0
O00198,55.0,서울,basic,app,도서,89900.0,2,179800.0
O00199,45.0,부산,vip,app,패션,9900.0,2,19800.0
O00200,39.0,경기,basic,app,패션,19900.0,1,
O00201,30.0,부산,silver,web,가전,19900.0,3,59700.0
O00202,45.0,서울,silver,app,뷰티,129900.0,2,259800.0
O00203,29.0,부산,basic,app,도서,89900.0,2,179800.0
O00204,38.0,대구,silver,app,패션,49900.0,1,49900.0
O00205,47.0,경기,gold,web,가전,89900.0,1,89900.0
O00206,31.0,서울,basic,web,식품,9900.0,1,9900.0
O00207,35.0,부산,basic,app,도서,89900.0,2,179800.0
O00208,31.0,부산,basic,app,가전,19900.0,1,19900.0
O00209,45.0,부산,gold,web,뷰티,19900.0,2,39800.0
O00210,18.0,서울,vip,app,식품,9900.0,1,9900.0
O00211,48.0,대구,basic,web,가전,19900.0,1,19900.0
O00212,31.0,대구,basic,web,식품,29900.0,2,59800.0
O00213,47.0,경기,silver,app,도서,19900.0,1,19900.0
O00214,33.0,경기,gold,APP,뷰티,49900.0,1,49900.0
O00215,32.0,서울,gold,web,도서,9900.0,1,
O00216,35.0,대구,gold,web,뷰티,29900.0,2,59800.0
O00217,43.0,인천,silver,web,도서,19900.0,2,39800.0
O00218,41.0,경기,silver,app,패션,9900.0,1,9900.0
O00219,17.0,부산,basic,web,가전,89900.0,2,179800.0
O00220,43.0,서울,basic,web,뷰티,19900.0,3,59700.0
O00221,20.0,서울,silver,app,도서,19900.0,1,19900.0
O00222,27.0,서울,basic,web,패션,29900.0,1,29900.0
O00223,25.0,경기,basic,app,패션,19900.0,2,39800.0
O00224,23.0,서울,basic,app,도서,29900.0,1,29900.0
O00225,37.0,인천,silver,APP,가전,9900.0,2,19800.0
O00226,44.0,경기,basic,app,식품,19900.0,2,39800.0
O00227,24.0,경기,gold,app,패션,9900.0,1,9900.0
O00228,37.0,서울,silver,web,뷰티,249900.0,2,499800.0
O00229,37.0,부산,basic,app,도서,29900.0,2,59800.0
O00230,33.0,인천,basic,app,가전,9900.0,2,19800.0
O00231,39.0,경기,basic,web,도서,49900.0,1,49900.0
O00232,34.0,서울,basic,app,패션,29900.0,1,29900.0
O00233,34.0,부산,vip,web,가전,19900.0,2,39800.0
O00234,27.0,서울,basic,APP,식품,9900.0,2,19800.0
O00235,29.0,인천,vip,app,뷰티,9900.0,2,19800.0
O00236,46.0,경기,basic,app,식품,29900.0,2,59800.0
O00237,47.0,서울,basic,app ,패션,19900.0,1,19900.0
O00238,53.0,경기,silver,app,가전,29900.0,1,29900.0
O00239,42.0,경기,basic,app,뷰티,89900.0,1,89900.0
O00240,32.0,서울,basic,app,가전,29900.0,3,89700.0
O00241,39.0,인천,silver,app,가전,9900.0,1,9900.0
O00242,33.0,경기,basic,APP,식품,89900.0,2,179800.0
O00243,34.0,인천,silver,app,패션,9900.0,3,29700.0
O00244,48.0,인천,basic,app,뷰티,19900.0,2,39800.0
O00245,34.0,서울,basic,APP,식품,19900.0,2,39800.0
O00246,39.0,경기,gold,app,도서,29900.0,2,59800.0
O00247,,서울,silver,web,뷰티,89900.0,1,89900.0
O00248,43.0,부산,basic,app,가전,9900.0,1,9900.0
O00249,39.0,경기,basic,app,식품,29900.0,2,59800.0
O00250,24.0,경기,basic,app,뷰티,9900.0,2,19800.0
O00251,39.0,인천,basic,APP,도서,49900.0,1,49900.0
O00252,29.0,서울,silver,app,패션,89900.0,2,179800.0
O00253,28.0,경기,basic,APP,식품,19900.0,3,59700.0
O00254,39.0,서울,basic,app,뷰티,49900.0,3,149700.0
O00255,46.0,서울,basic,APP,패션,29900.0,1,29900.0
O00256,36.0,부산,basic,web,패션,89900.0,3,
O00257,21.0,경기,basic,web,식품,89900.0,1,89900.0
O00258,29.0,인천,basic,app,가전,19900.0,2,39800.0
O00259,40.0,경기,basic,app,가전,9900.0,3,29700.0
O00260,39.0,서울,basic,app,가전,9900.0,3,29700.0
O00261,22.0,대구,basic,app,가전,29900.0,1,29900.0
O00262,35.0,서울,basic,web,가전,29900.0,1,29900.0
O00263,,서울,basic,web,패션,9900.0,1,9900.0
O00264,44.0,부산,vip,web,식품,9900.0,1,9900.0
O00265,42.0,서울,basic,web,가전,29900.0,1,29900.0
O00266,36.0,서울,basic,app,패션,19900.0,1,19900.0
O00267,30.0,인천,gold,APP,패션,19900.0,2,39800.0
O00268,30.0,서울,gold,app,패션,49900.0,2,99800.0
O00269,28.0,인천,silver,app,도서,89900.0,2,179800.0
O00270,31.0,경기,gold,web,도서,49900.0,2,99800.0
O00271,42.0,서울,silver,web,가전,49900.0,1,49900.0
O00272,48.0,서울,basic,web,도서,49900.0,3,149700.0
O00273,43.0,서울,silver,app,패션,29900.0,3,89700.0
O00274,48.0,대구,basic,app,뷰티,9900.0,2,19800.0
O00275,31.0,경기,gold,APP,식품,19900.0,1,19900.0
O00276,33.0,서울,basic,web,가전,29900.0,1,29900.0
O00277,37.0,서울,silver,app,가전,29900.0,2,59800.0
O00278,49.0,인천,basic,app,뷰티,89900.0,2,179800.0
O00279,48.0,서울,basic,app,식품,19900.0,2,39800.0
O00280,29.0,부산,basic,web,패션,9900.0,3,29700.0
O00281,47.0,서울,basic,app,뷰티,9900.0,1,9900.0
O00282,53.0,대구,gold,app,도서,9900.0,2,19800.0
O00283,40.0,경기,gold,app,패션,129900.0,1,129900.0
O00284,39.0,서울,basic,web,뷰티,19900.0,1,19900.0
O00285,32.0,대구,silver,app ,뷰티,29900.0,1,29900.0
O00286,31.0,서울,vip,app,식품,49900.0,1,49900.0
O00287,30.0,부산,silver,web,뷰티,29900.0,3,89700.0
O00288,34.0,경기,basic,app,패션,9900.0,1,9900.0
O00289,37.0,서울,silver,web,식품,29900.0,1,29900.0
O00290,48.0,서울,basic,web,뷰티,129900.0,3,389700.0
O00291,18.0,서울,silver,app,가전,29900.0,1,29900.0
O00292,41.0,서울,silver,app,가전,19900.0,1,19900.0
O00293,37.0,서울,basic,app,패션,19900.0,2,39800.0
O00294,29.0,서울,silver,web,패션,9900.0,1,9900.0
O00295,39.0,대구,silver,web,도서,19900.0,1,19900.0
O00296,37.0,서울,silver,web,식품,49900.0,2,99800.0
O00297,,경기,basic,web,뷰티,29900.0,2,59800.0
O00298,38.0,서울,silver,web,식품,9900.0,3,29700.0
O00299,22.0,서울,basic,app,가전,9900.0,3,29700.0
O00300,36.0,부산,basic,app,뷰티,9900.0,2,19800.0
O00301,42.0,대구,silver,app,패션,49900.0,3,149700.0
O00302,30.0,경기,basic,app,패션,9900.0,2,19800.0
O00303,22.0,서울,gold,web,가전,129900.0,3,389700.0
O00304,41.0,대구,silver,app ,뷰티,19900.0,2,39800.0
O00305,,서울,basic,app,패션,49900.0,2,99800.0
O00306,15.0,서울,gold,web,가전,49900.0,1,49900.0
O00307,50.0,경기,silver,app,도서,19900.0,2,39800.0
O00308,32.0,인천,vip,web,패션,9900.0,2,19800.0
O00309,32.0,인천,silver,app,뷰티,9900.0,1,9900.0
O00310,,경기,silver,app,패션,29900.0,1,29900.0
O00311,23.0,서울,gold,web,식품,29900.0,2,59800.0
O00312,38.0,인천,basic,app,식품,9900.0,3,29700.0
O00313,25.0,인천,basic,web,가전,29900.0,3,89700.0
O00314,33.0,인천,basic,web,도서,249900.0,3,749700.0
O00315,39.0,부산,basic,app,식품,19900.0,1,19900.0
O00316,32.0,서울,vip,web,패션,29900.0,1,29900.0
O00317,44.0,서울,silver,app,식품,29900.0,2,
O00318,41.0,경기,silver,web,뷰티,9900.0,1,9900.0
O00319,27.0,경기,basic,web,식품,29900.0,2,59800.0
O00320,31.0,인천,basic,app,도서,49900.0,1,49900.0
O00321,43.0,서울,basic,app,가전,29900.0,1,29900.0
O00322,32.0,부산,vip,web,가전,9900.0,2,19800.0
O00323,21.0,서울,silver,web,패션,19900.0,1,19900.0
O00324,49.0,부산,basic,web,식품,89900.0,2,179800.0
O00325,23.0,서울,silver,app,패션,19900.0,3,59700.0
O00326,34.0,경기,gold,app ,가전,29900.0,2,59800.0
O00327,43.0,서울,basic,app,식품,29900.0,2,59800.0
O00328,,서울,basic,web,뷰티,129900.0,1,129900.0
O00329,14.0,대구,basic,web,식품,89900.0,1,89900.0
O00330,39.0,서울,basic,web,뷰티,19900.0,1,
O00331,31.0,인천,gold,app,가전,29900.0,2,59800.0
O00332,36.0,경기,gold,web,식품,19900.0,2,39800.0
O00333,38.0,서울,gold,app,가전,19900.0,1,19900.0
O00334,22.0,부산,silver,web,뷰티,19900.0,2,39800.0
O00335,54.0,서울,silver,web,뷰티,9900.0,1,9900.0
O00336,40.0,인천,basic,app,식품,129900.0,2,259800.0
O00337,32.0,서울,vip,app,가전,9900.0,1,9900.0
O00338,13.0,부산,gold,web,패션,49900.0,2,99800.0
O00339,27.0,서울,silver,web,뷰티,19900.0,1,
O00340,50.0,서울,gold,web,가전,49900.0,2,99800.0
O00341,35.0,대구,gold,web,뷰티,89900.0,2,179800.0
O00342,28.0,경기,basic,web,가전,9900.0,1,9900.0
O00343,29.0,부산,silver,app,패션,129900.0,1,129900.0
O00344,55.0,부산,vip,web,가전,49900.0,3,149700.0
O00345,31.0,서울,basic,web,식품,249900.0,1,249900.0
O00346,32.0,인천,basic,web,패션,29900.0,1,29900.0
O00347,36.0,대구,vip,app,가전,29900.0,3,89700.0
O00348,32.0,서울,gold,app,가전,129900.0,1,129900.0
O00349,34.0,경기,basic,web,도서,9900.0,2,19800.0
O00350,18.0,서울,silver,app,식품,29900.0,1,29900.0
O00351,44.0,부산,silver,app,가전,9900.0,1,9900.0
O00352,28.0,서울,silver,web,식품,19900.0,2,39800.0
O00353,55.0,경기,silver,app,도서,29900.0,2,59800.0
O00354,39.0,부산,silver,web,도서,89900.0,3,269700.0
O00355,49.0,부산,silver,app,식품,9900.0,2,19800.0
O00356,46.0,서울,silver,app,뷰티,29900.0,1,29900.0
O00357,25.0,인천,basic,APP,도서,29900.0,2,59800.0
O00358,42.0,서울,basic,web,도서,29900.0,2,59800.0
O00359,32.0,인천,basic,app,식품,19900.0,2,39800.0
O00360,41.0,경기,vip,web,식품,49900.0,2,99800.0
O00361,38.0,서울,basic,app,도서,49900.0,2,99800.0
O00362,32.0,부산,silver,app,패션,19900.0,1,19900.0
O00363,49.0,인천,vip,app,패션,19900.0,2,39800.0
O00364,32.0,부산,basic,web,가전,49900.0,1,49900.0
O00365,32.0,대구,basic,app ,식품,19900.0,1,19900.0
O00366,23.0,서울,basic,web,패션,89900.0,2,179800.0
O00367,33.0,서울,vip,app,뷰티,29900.0,1,29900.0
O00368,40.0,서울,silver,web,도서,9900.0,3,29700.0
O00369,35.0,경기,basic,web,도서,49900.0,1,49900.0
O00370,41.0,서울,basic,web,뷰티,29900.0,1,29900.0
O00371,29.0,서울,basic,app,도서,9900.0,1,9900.0
O00372,27.0,경기,vip,app ,패션,129900.0,3,389700.0
O00373,29.0,서울,basic,web,식품,9900.0,3,
O00374,39.0,서울,gold,web,뷰티,9900.0,3,29700.0
O00375,47.0,경기,gold,app ,패션,49900.0,1,49900.0
O00376,47.0,서울,vip,app,식품,19900.0,1,19900.0
O00377,53.0,경기,silver,web,뷰티,9900.0,3,29700.0
O00378,10.0,대구,basic,app,패션,9900.0,1,9900.0
O00379,50.0,서울,silver,web,식품,29900.0,2,59800.0
O00380,31.0,경기,gold,web,가전,129900.0,2,259800.0
O00381,43.0,경기,vip,web,식품,249900.0,1,249900.0
O00382,29.0,서울,basic,web,패션,29900.0,3,89700.0
O00383,49.0,경기,basic,web,가전,29900.0,3,89700.0
O00384,35.0,대구,gold,web,식품,29900.0,2,59800.0
O00385,40.0,서울,basic,app,식품,49900.0,1,49900.0
O00386,33.0,부산,basic,app,가전,29900.0,2,59800.0
O00387,34.0,인천,basic,web,가전,9900.0,3,29700.0
O00388,17.0,서울,basic,app,도서,129900.0,3,389700.0
O00389,35.0,대구,basic,web,가전,29900.0,3,89700.0
O00390,38.0,경기,gold,app,뷰티,9900.0,2,19800.0
O00391,23.0,경기,silver,app,도서,9900.0,1,9900.0
O00392,28.0,부산,vip,web,가전,9900.0,1,9900.0
O00393,45.0,경기,silver,app,뷰티,29900.0,2,59800.0
O00394,46.0,부산,basic,app,뷰티,9900.0,1,9900.0
O00395,22.0,서울,basic,web,뷰티,89900.0,1,89900.0
O00396,32.0,대구,basic,web,도서,19900.0,1,19900.0
O00397,48.0,경기,gold,app,가전,9900.0,2,19800.0
O00398,40.0,서울,silver,web,뷰티,49900.0,2,99800.0
O00399,39.0,경기,basic,web,패션,9900.0,2,19800.0
O00400,45.0,인천,basic,web,패션,49900.0,2,99800.0
O00401,38.0,인천,gold,app,식품,9900.0,1,9900.0
O00402,40.0,경기,gold,app,도서,19900.0,2,39800.0
O00403,24.0,서울,gold,web,식품,129900.0,1,129900.0
O00404,36.0,서울,vip,app ,가전,9900.0,1,9900.0
O00405,40.0,대구,basic,web,가전,89900.0,1,89900.0
O00406,32.0,서울,silver,web,식품,29900.0,2,59800.0
O00407,44.0,인천,basic,app,패션,89900.0,1,89900.0
O00408,41.0,인천,silver,web,도서,49900.0,1,49900.0
O00409,49.0,서울,silver,app,뷰티,29900.0,2,59800.0
O00410,37.0,서울,basic,app,패션,89900.0,1,89900.0
O00411,23.0,경기,basic,web,패션,9900.0,1,9900.0
O00412,38.0,인천,silver,web,패션,249900.0,1,249900.0
O00413,32.0,대구,basic,app,패션,9900.0,1,9900.0
O00414,27.0,대구,basic,web,가전,49900.0,1,49900.0
O00415,28.0,서울,basic,app,식품,29900.0,3,89700.0
O00416,35.0,서울,gold,app,패션,19900.0,1,19900.0
O00417,45.0,경기,basic,web,식품,49900.0,1,49900.0
O00418,42.0,경기,basic,app,식품,49900.0,1,49900.0
O00419,23.0,부산,basic,app,뷰티,49900.0,1,49900.0
O00420,34.0,서울,silver,web,뷰티,19900.0,2,39800.0
O00421,41.0,경기,basic,app,도서,9900.0,1,9900.0
O00422,38.0,대구,silver,web,뷰티,9900.0,1,9900.0
O00423,44.0,대구,silver,web,뷰티,29900.0,1,29900.0
O00424,45.0,대구,basic,web,식품,9900.0,1,9900.0
O00425,,대구,basic,app,가전,49900.0,1,49900.0
O00426,26.0,대구,silver,web,뷰티,19900.0,1,19900.0
O00427,38.0,서울,basic,app,도서,29900.0,2,59800.0
O00428,37.0,대구,basic,web,패션,19900.0,1,19900.0
O00429,34.0,서울,basic,web,패션,29900.0,1,29900.0
O00430,43.0,서울,basic,app,패션,19900.0,1,19900.0
O00431,35.0,경기,silver,web,패션,19900.0,3,59700.0
O00432,47.0,대구,basic,app,식품,29900.0,1,29900.0
O00433,51.0,경기,basic,web,식품,9900.0,1,9900.0
O00434,42.0,서울,basic,APP,뷰티,19900.0,2,39800.0
O00435,46.0,서울,basic,APP,뷰티,89900.0,2,179800.0
O00436,34.0,대구,silver,web,패션,49900.0,2,99800.0
O00437,35.0,인천,gold,app ,도서,9900.0,3,29700.0
O00438,33.0,서울,basic,app ,도서,9900.0,1,9900.0
O00439,17.0,서울,basic,web,패션,29900.0,2,
O00440,17.0,서울,silver,web,도서,29900.0,3,89700.0
O00441,22.0,서울,vip,web,패션,19900.0,1,19900.0
O00442,28.0,경기,basic,web,뷰티,49900.0,1,49900.0
O00443,37.0,서울,basic,app,도서,49900.0,1,49900.0
O00444,41.0,경기,basic,app,패션,9900.0,1,9900.0
O00445,35.0,대구,silver,web,패션,249900.0,2,499800.0
O00446,29.0,인천,basic,web,가전,29900.0,1,29900.0
O00447,42.0,서울,vip,app,뷰티,129900.0,1,129900.0
O00448,39.0,서울,basic,app ,가전,89900.0,1,89900.0
O00449,34.0,경기,silver,web,뷰티,9900.0,1,9900.0
O00450,23.0,경기,basic,app,패션,29900.0,1,29900.0
O00451,31.0,서울,basic,web,가전,29900.0,1,29900.0
O00452,50.0,서울,basic,app,가전,249900.0,1,249900.0
O00453,37.0,서울,gold,app,패션,29900.0,1,29900.0
O00454,48.0,서울,basic,app ,가전,19900.0,1,19900.0
O00455,31.0,인천,basic,web,뷰티,49900.0,3,149700.0
O00456,30.0,부산,basic,app,식품,129900.0,3,389700.0
O00457,44.0,경기,basic,web,가전,9900.0,1,9900.0
O00458,37.0,부산,basic,web,도서,129900.0,2,259800.0
O00459,36.0,경기,basic,web,도서,19900.0,1,19900.0
O00460,33.0,경기,vip,app ,도서,29900.0,1,29900.0
O00461,37.0,서울,gold,web,도서,9900.0,1,9900.0
O00462,20.0,경기,basic,app,도서,29900.0,1,
O00463,50.0,대구,gold,web,도서,9900.0,2,19800.0
O00464,39.0,부산,basic,APP,식품,29900.0,1,29900.0
O00465,38.0,인천,silver,app,패션,29900.0,2,59800.0
O00466,41.0,서울,gold,app,패션,49900.0,1,49900.0
O00467,23.0,경기,basic,app,가전,29900.0,1,29900.0
O00468,37.0,서울,basic,web,도서,19900.0,2,39800.0
O00469,41.0,서울,gold,web,식품,9900.0,1,9900.0
O00470,36.0,서울,silver,app,식품,19900.0,3,59700.0
O00471,31.0,서울,vip,app,식품,9900.0,1,9900.0
O00472,35.0,서울,basic,app,패션,89900.0,1,89900.0
O00473,38.0,부산,basic,web,뷰티,29900.0,3,89700.0
O00474,30.0,부산,basic,app,패션,129900.0,1,129900.0
O00475,42.0,부산,basic,web,도서,19900.0,1,19900.0
O00476,51.0,서울,basic,web,패션,29900.0,2,59800.0
O00477,44.0,서울,silver,web,가전,9900.0,2,19800.0
O00478,37.0,서울,basic,web,도서,19900.0,2,39800.0
O00479,39.0,서울,basic,app ,가전,49900.0,1,49900.0
O00480,39.0,서울,silver,app,도서,29900.0,2,59800.0
O00481,23.0,대구,basic,app,식품,89900.0,1,89900.0
O00482,46.0,인천,silver,web,식품,9900.0,1,9900.0
O00483,44.0,서울,vip,web,도서,49900.0,1,49900.0
O00484,16.0,서울,basic,web,뷰티,19900.0,1,19900.0
O00485,35.0,대구,silver,app,식품,19900.0,1,19900.0
O00486,42.0,경기,basic,web,패션,9900.0,1,9900.0
O00487,42.0,서울,vip,app,식품,9900.0,1,9900.0
O00488,38.0,경기,gold,web,식품,29900.0,1,29900.0
O00489,36.0,서울,vip,app,가전,129900.0,3,389700.0
O00490,29.0,경기,basic,app,가전,49900.0,3,149700.0
O00491,29.0,부산,basic,web,패션,89900.0,3,269700.0
O00492,22.0,경기,basic,web,패션,89900.0,2,179800.0
O00493,46.0,인천,basic,app,패션,129900.0,1,129900.0
O00494,35.0,서울,vip,app,뷰티,29900.0,2,59800.0
O00495,38.0,경기,silver,app,식품,9900.0,2,19800.0
O00496,17.0,대구,basic,app,가전,29900.0,3,89700.0
O00497,24.0,서울,basic,web,뷰티,89900.0,1,89900.0
O00498,30.0,경기,vip,web,도서,9900.0,1,9900.0
O00499,11.0,경기,basic,app,가전,29900.0,3,89700.0
O00500,31.0,서울,silver,web,뷰티,9900.0,1,9900.0
O00501,22.0,대구,silver,app,가전,49900.0,1,49900.0
O00502,48.0,경기,silver,app,식품,19900.0,3,59700.0
O00503,35.0,경기,silver,web,가전,19900.0,2,39800.0
O00504,42.0,대구,silver,web,도서,9900.0,1,
O00505,,서울,silver,app,뷰티,129900.0,1,129900.0
O00506,28.0,인천,basic,app,뷰티,89900.0,3,269700.0
O00507,40.0,서울,gold,web,패션,19900.0,3,59700.0
O00508,27.0,서울,basic,web,패션,49900.0,1,49900.0
O00509,39.0,경기,basic,web,식품,19900.0,3,59700.0
O00510,37.0,경기,gold,web,패션,9900.0,2,19800.0
O00511,29.0,서울,gold,app,가전,19900.0,1,19900.0
O00512,18.0,서울,silver,web,도서,19900.0,1,19900.0
O00513,41.0,서울,basic,app,도서,129900.0,2,259800.0
O00514,29.0,대구,gold,app,식품,9900.0,1,9900.0
O00515,48.0,대구,vip,web,뷰티,29900.0,1,29900.0
O00516,39.0,경기,basic,app,뷰티,29900.0,1,29900.0
O00517,45.0,대구,basic,web,식품,19900.0,2,39800.0
O00518,16.0,인천,basic,app,뷰티,9900.0,2,19800.0
O00519,21.0,서울,silver,web,도서,29900.0,1,29900.0
O00520,25.0,서울,basic,app,가전,19900.0,2,39800.0
O00521,45.0,경기,basic,web,뷰티,89900.0,2,179800.0
O00522,24.0,서울,vip,app,패션,49900.0,2,99800.0
O00523,39.0,서울,silver,app,뷰티,29900.0,2,59800.0
O00524,28.0,대구,silver,app,패션,29900.0,2,59800.0
O00525,27.0,대구,basic,web,가전,9900.0,1,
O00526,46.0,경기,basic,web,식품,29900.0,1,29900.0
O00527,30.0,경기,basic,APP,식품,9900.0,3,29700.0
O00528,35.0,부산,basic,web,도서,129900.0,1,129900.0
O00529,44.0,대구,silver,app,뷰티,49900.0,3,149700.0
O00530,21.0,경기,gold,app,뷰티,19900.0,1,19900.0
O00531,41.0,경기,vip,app,도서,49900.0,2,99800.0
O00532,37.0,서울,vip,web,도서,19900.0,2,39800.0
O00533,45.0,서울,basic,app,패션,29900.0,1,29900.0
O00534,39.0,경기,basic,app,패션,129900.0,1,129900.0
O00535,53.0,서울,silver,web,도서,129900.0,3,389700.0
O00536,28.0,서울,basic,app,가전,9900.0,3,29700.0
O00537,36.0,서울,vip,app,식품,249900.0,3,
O00538,26.0,부산,basic,app,도서,19900.0,1,19900.0
O00539,14.0,서울,basic,web,식품,89900.0,3,269700.0
O00540,31.0,인천,basic,app ,가전,9900.0,2,19800.0
O00541,26.0,부산,basic,app,패션,129900.0,2,259800.0
O00542,32.0,부산,silver,web,식품,29900.0,3,89700.0
O00543,35.0,인천,basic,app,뷰티,249900.0,1,249900.0
O00544,31.0,서울,vip,web,식품,9900.0,2,19800.0
O00545,42.0,서울,gold,web,식품,49900.0,1,49900.0
O00546,36.0,대구,gold,web,패션,9900.0,2,19800.0
O00547,41.0,대구,vip,app,식품,19900.0,1,19900.0
O00548,45.0,서울,silver,web,패션,19900.0,1,19900.0
O00549,46.0,부산,vip,app,식품,9900.0,1,9900.0
O00550,40.0,서울,silver,app,패션,9900.0,1,9900.0
O00551,29.0,서울,basic,web,가전,9900.0,1,9900.0
O00552,45.0,서울,basic,APP,가전,29900.0,2,59800.0
O00553,41.0,서울,silver,web,식품,9900.0,1,9900.0
O00554,33.0,서울,silver,web,뷰티,29900.0,1,29900.0
O00555,34.0,대구,silver,app,뷰티,249900.0,1,249900.0
O00556,29.0,경기,gold,web,패션,89900.0,1,89900.0
O00557,30.0,서울,silver,web,식품,49900.0,1,49900.0
O00558,30.0,서울,basic,web,도서,19900.0,3,59700.0
O00559,38.0,서울,basic,web,패션,29900.0,1,29900.0
O00560,44.0,서울,gold,web,도서,29900.0,2,59800.0
O00561,21.0,경기,gold,app,식품,29900.0,1,29900.0
O00562,28.0,경기,basic,web,패션,9900.0,1,9900.0
O00563,38.0,서울,basic,web,도서,19900.0,1,19900.0
O00564,26.0,서울,basic,app,식품,9900.0,1,
O00565,39.0,서울,basic,app,뷰티,49900.0,2,99800.0
O00566,38.0,부산,vip,web,도서,19900.0,3,59700.0
O00567,27.0,서울,basic,web,식품,29900.0,2,59800.0
O00568,33.0,서울,basic,APP,도서,19900.0,1,19900.0
O00569,24.0,경기,gold,web,식품,29900.0,3,89700.0
O00570,46.0,서울,basic,web,가전,49900.0,1,49900.0
O00571,14.0,서울,silver,web,패션,29900.0,3,89700.0
O00572,48.0,서울,silver,app,가전,19900.0,1,19900.0
O00573,48.0,부산,basic,app,뷰티,19900.0,1,19900.0
O00574,33.0,서울,basic,app ,가전,29900.0,3,89700.0
O00575,48.0,대구,basic,APP,패션,49900.0,1,49900.0
O00576,21.0,경기,basic,app,식품,19900.0,1,19900.0
O00577,29.0,서울,basic,web,뷰티,49900.0,1,49900.0
O00578,53.0,부산,basic,app,뷰티,19900.0,3,59700.0
O00579,30.0,부산,basic,app ,패션,29900.0,1,29900.0
O00580,36.0,인천,vip,app,가전,9900.0,1,9900.0
O00581,31.0,서울,silver,app,뷰티,89900.0,2,179800.0
O00582,26.0,부산,vip,app ,식품,19900.0,1,19900.0
O00583,33.0,인천,vip,web,가전,19900.0,3,59700.0
O00584,39.0,서울,basic,app,도서,19900.0,2,39800.0
O00585,28.0,경기,basic,app,식품,29900.0,3,89700.0
O00586,36.0,경기,vip,web,패션,49900.0,1,49900.0
O00587,36.0,서울,silver,app,식품,19900.0,2,39800.0
O00588,30.0,인천,silver,web,패션,29900.0,1,29900.0
O00589,26.0,부산,gold,web,가전,29900.0,1,29900.0
O00590,52.0,인천,basic,app,뷰티,49900.0,1,49900.0
O00591,42.0,경기,silver,APP,패션,19900.0,1,19900.0
O00592,47.0,경기,basic,web,도서,29900.0,2,59800.0
O00593,42.0,서울,basic,web,가전,9900.0,3,29700.0
O00594,16.0,서울,basic,web,뷰티,9900.0,3,29700.0
O00595,40.0,부산,basic,app ,가전,89900.0,2,179800.0
O00596,49.0,대구,basic,web,가전,29900.0,1,29900.0
O00597,20.0,서울,silver,app,가전,19900.0,1,19900.0
O00598,45.0,서울,silver,app,가전,19900.0,3,59700.0
O00599,20.0,서울,gold,web,뷰티,49900.0,2,99800.0
O00600,29.0,경기,basic,APP,식품,89900.0,1,
O00601,33.0,부산,basic,web,뷰티,19900.0,1,19900.0
O00602,27.0,서울,silver,app,가전,49900.0,1,49900.0
O00603,24.0,경기,basic,web,뷰티,19900.0,1,19900.0
O00604,29.0,경기,gold,web,뷰티,249900.0,1,249900.0
O00605,20.0,인천,basic,app,가전,9900.0,2,19800.0
O00606,30.0,서울,basic,web,뷰티,29900.0,1,29900.0
O00607,38.0,서울,gold,app,뷰티,29900.0,2,59800.0
O00608,24.0,경기,basic,app ,식품,89900.0,1,89900.0
O00609,35.0,서울,silver,web,가전,129900.0,1,129900.0
O00610,35.0,서울,basic,web,패션,49900.0,3,149700.0
O00611,26.0,부산,basic,web,패션,49900.0,2,99800.0
O00612,45.0,부산,silver,web,도서,249900.0,1,249900.0
O00613,25.0,서울,silver,app,식품,19900.0,1,19900.0
O00614,34.0,경기,basic,web,식품,129900.0,1,
O00615,24.0,부산,basic,APP,뷰티,29900.0,1,29900.0
O00616,38.0,대구,basic,web,식품,29900.0,2,59800.0
O00617,,서울,silver,app,가전,19900.0,1,19900.0
O00618,37.0,인천,basic,web,패션,29900.0,2,59800.0
O00619,43.0,서울,silver,web,뷰티,19900.0,1,19900.0
O00620,31.0,부산,vip,app,도서,9900.0,1,9900.0
O00621,34.0,경기,basic,web,뷰티,129900.0,2,259800.0
O00622,33.0,대구,silver,app,패션,19900.0,1,19900.0
O00623,27.0,경기,basic,app,가전,9900.0,3,29700.0
O00624,28.0,서울,basic,web,가전,49900.0,1,49900.0
O00625,45.0,부산,basic,web,뷰티,49900.0,1,
O00626,32.0,서울,basic,app,가전,9900.0,3,
O00627,40.0,인천,basic,app ,뷰티,9900.0,1,9900.0
O00628,37.0,서울,vip,web,식품,29900.0,3,89700.0
O00629,50.0,서울,gold,web,뷰티,89900.0,1,89900.0
O00630,34.0,부산,vip,app,가전,9900.0,2,19800.0
O00631,23.0,서울,vip,app,식품,19900.0,3,59700.0
O00632,44.0,경기,basic,web,패션,49900.0,1,
O00633,34.0,부산,gold,web,도서,19900.0,1,19900.0
O00634,14.0,부산,gold,web,뷰티,29900.0,1,29900.0
O00635,27.0,인천,basic,app ,가전,129900.0,2,259800.0
O00636,27.0,경기,silver,web,뷰티,19900.0,1,19900.0
O00637,32.0,서울,silver,app,도서,19900.0,1,19900.0
O00638,37.0,서울,basic,web,가전,19900.0,2,39800.0
O00639,22.0,서울,silver,app,도서,19900.0,1,19900.0
O00640,23.0,서울,silver,web,도서,89900.0,2,179800.0
O00641,46.0,부산,silver,app,식품,29900.0,1,29900.0
O00642,48.0,서울,basic,web,가전,19900.0,3,59700.0
O00643,24.0,서울,vip,app,패션,19900.0,2,39800.0
O00644,37.0,대구,basic,APP,식품,49900.0,1,49900.0
O00645,42.0,인천,gold,web,식품,129900.0,2,259800.0
O00646,27.0,서울,basic,web,도서,129900.0,1,129900.0
O00647,40.0,서울,silver,app,뷰티,9900.0,3,29700.0
O00648,38.0,인천,basic,web,가전,9900.0,3,29700.0
O00649,49.0,경기,silver,web,가전,49900.0,1,49900.0
O00650,31.0,서울,silver,app,도서,129900.0,2,259800.0
O00651,23.0,경기,basic,app,패션,9900.0,2,19800.0
O00652,44.0,인천,silver,app,가전,29900.0,3,89700.0
O00653,44.0,서울,basic,web,식품,129900.0,1,129900.0
O00654,31.0,대구,basic,app,패션,29900.0,2,59800.0
O00655,44.0,경기,basic,app,뷰티,19900.0,2,39800.0
O00656,41.0,서울,basic,web,식품,249900.0,2,499800.0
O00657,35.0,인천,basic,app,식품,9900.0,1,
O00658,,서울,vip,APP,식품,9900.0,3,29700.0
O00659,42.0,경기,basic,web,식품,89900.0,1,89900.0
O00660,20.0,경기,gold,app ,뷰티,89900.0,1,89900.0
O00661,28.0,서울,silver,APP,패션,29900.0,2,59800.0
O00662,37.0,인천,silver,app,뷰티,29900.0,1,29900.0
O00663,37.0,부산,silver,web,뷰티,49900.0,3,149700.0
O00664,33.0,서울,basic,web,가전,9900.0,1,9900.0
O00665,37.0,서울,gold,web,식품,9900.0,2,19800.0
O00666,54.0,서울,basic,app,식품,9900.0,1,
O00667,51.0,경기,vip,web,가전,29900.0,3,89700.0
O00668,40.0,서울,basic,app,가전,49900.0,2,99800.0
O00669,39.0,경기,basic,app,패션,89900.0,1,89900.0
O00670,34.0,인천,basic,app ,도서,29900.0,2,59800.0
O00671,32.0,인천,silver,app ,식품,89900.0,1,89900.0
O00672,31.0,서울,basic,web,식품,129900.0,1,129900.0
O00673,23.0,서울,basic,app,도서,9900.0,2,19800.0
O00674,37.0,경기,silver,app,뷰티,49900.0,3,149700.0
O00675,42.0,서울,silver,app,뷰티,19900.0,1,19900.0
O00676,28.0,경기,basic,web,가전,29900.0,2,59800.0
O00677,34.0,경기,gold,web,도서,9900.0,1,9900.0
O00678,43.0,부산,basic,app,뷰티,29900.0,1,29900.0
O00679,28.0,서울,basic,web,뷰티,29900.0,1,29900.0
O00680,35.0,서울,silver,web,식품,49900.0,1,49900.0
O00681,38.0,서울,basic,web,식품,89900.0,3,269700.0
O00682,48.0,서울,silver,web,가전,9900.0,2,19800.0
O00683,31.0,경기,basic,app,식품,49900.0,1,49900.0
O00684,36.0,경기,gold,web,도서,19900.0,1,19900.0
O00685,43.0,대구,basic,web,가전,19900.0,1,19900.0
O00686,34.0,인천,basic,app,도서,49900.0,1,49900.0
O00687,,서울,basic,web,패션,89900.0,3,269700.0
O00688,44.0,서울,silver,app,뷰티,9900.0,2,19800.0
O00689,26.0,부산,basic,web,패션,89900.0,1,89900.0
O00690,17.0,경기,basic,web,뷰티,49900.0,2,99800.0
O00691,24.0,서울,basic,app,도서,89900.0,2,179800.0
O00692,36.0,경기,silver,app,패션,19900.0,1,19900.0
O00693,44.0,서울,basic,app ,식품,19900.0,1,19900.0
O00694,47.0,부산,basic,APP,패션,19900.0,2,39800.0
O00695,53.0,부산,basic,web,뷰티,19900.0,2,39800.0
O00696,42.0,대구,basic,web,가전,49900.0,1,49900.0
O00697,34.0,부산,silver,app,식품,9900.0,1,9900.0
O00698,39.0,대구,vip,web,식품,89900.0,1,89900.0
O00699,53.0,서울,vip,app,패션,129900.0,1,129900.0
O00700,,서울,vip,web,뷰티,89900.0,1,89900.0
O00701,35.0,서울,basic,web,패션,89900.0,1,89900.0
O00702,37.0,인천,silver,app,식품,49900.0,1,49900.0
O00703,43.0,서울,basic,app,식품,29900.0,1,29900.0
O00704,27.0,경기,gold,web,도서,19900.0,2,39800.0
O00705,34.0,경기,gold,APP,식품,9900.0,1,9900.0
O00706,31.0,인천,basic,web,도서,29900.0,2,59800.0
O00707,39.0,서울,vip,web,패션,49900.0,1,49900.0
O00708,32.0,서울,basic,app,식품,49900.0,1,49900.0
O00709,36.0,서울,silver,web,가전,29900.0,2,59800.0
O00710,42.0,서울,basic,app,뷰티,129900.0,2,259800.0
O00711,47.0,서울,gold,web,가전,29900.0,1,29900.0
O00712,53.0,경기,silver,app,식품,89900.0,1,89900.0
O00713,36.0,서울,silver,web,식품,19900.0,1,19900.0
O00714,34.0,대구,basic,web,도서,19900.0,1,19900.0
O00715,46.0,경기,gold,web,식품,49900.0,1,49900.0
O00716,47.0,서울,basic,app,도서,19900.0,1,19900.0
O00717,35.0,인천,silver,web,가전,89900.0,1,89900.0
O00718,28.0,서울,basic,APP,패션,19900.0,1,19900.0
O00719,49.0,서울,basic,web,패션,19900.0,1,19900.0
O00720,44.0,대구,basic,web,식품,19900.0,2,39800.0
O00721,15.0,서울,silver,web,패션,29900.0,1,29900.0
O00722,26.0,부산,vip,web,패션,49900.0,1,
O00723,47.0,서울,basic,web,식품,19900.0,1,19900.0
O00724,41.0,경기,basic,app,가전,29900.0,2,59800.0
O00725,43.0,부산,silver,app,뷰티,49900.0,1,49900.0
O00726,24.0,서울,basic,app,도서,49900.0,2,99800.0
O00727,25.0,서울,basic,app ,패션,9900.0,1,
O00728,34.0,경기,basic,app,가전,29900.0,2,59800.0
O00729,36.0,경기,basic,web,뷰티,19900.0,1,19900.0
O00730,58.0,서울,gold,web,뷰티,129900.0,1,129900.0
O00731,38.0,경기,basic,web,도서,89900.0,1,89900.0
O00732,,대구,silver,web,패션,19900.0,1,19900.0
O00733,30.0,서울,basic,web,도서,89900.0,1,89900.0
O00734,42.0,부산,vip,web,식품,49900.0,1,49900.0
O00735,38.0,서울,basic,app,식품,9900.0,2,19800.0
O00736,29.0,경기,basic,app,식품,19900.0,2,39800.0
O00737,36.0,경기,basic,app,가전,9900.0,1,9900.0
O00738,37.0,경기,basic,app,가전,9900.0,1,9900.0
O00739,36.0,부산,basic,web,도서,29900.0,2,59800.0
O00740,48.0,부산,basic,APP,패션,29900.0,1,29900.0
O00741,36.0,부산,basic,web,도서,19900.0,1,19900.0
O00742,38.0,인천,basic,web,뷰티,9900.0,1,9900.0
O00743,40.0,인천,silver,web,식품,129900.0,2,259800.0
O00744,32.0,서울,basic,app,가전,19900.0,1,19900.0
O00745,26.0,인천,gold,app,식품,29900.0,1,29900.0
O00746,17.0,경기,basic,web,뷰티,9900.0,3,29700.0
O00747,34.0,서울,silver,app ,가전,29900.0,1,29900.0
O00748,44.0,서울,gold,web,패션,19900.0,3,59700.0
O00749,44.0,부산,silver,app ,뷰티,249900.0,1,249900.0
O00750,24.0,경기,basic,app,패션,29900.0,2,59800.0
O00751,,서울,basic,web,패션,9900.0,3,29700.0
O00752,33.0,경기,basic,web,패션,9900.0,1,9900.0
O00753,32.0,서울,basic,web,가전,19900.0,2,39800.0
O00754,42.0,서울,silver,app,식품,19900.0,2,39800.0
O00755,31.0,경기,vip,web,가전,89900.0,3,269700.0
O00756,40.0,부산,basic,APP,도서,29900.0,1,29900.0
O00757,25.0,서울,gold,web,도서,19900.0,3,59700.0
O00758,52.0,서울,basic,app,패션,19900.0,2,39800.0
O00759,48.0,경기,vip,web,패션,249900.0,2,499800.0
O00760,34.0,인천,basic,web,뷰티,249900.0,3,749700.0
O00761,46.0,부산,basic,app,패션,9900.0,1,9900.0
O00762,33.0,서울,basic,app,뷰티,29900.0,1,29900.0
O00763,41.0,경기,basic,web,패션,29900.0,1,29900.0
O00764,18.0,부산,basic,web,도서,89900.0,1,89900.0
O00765,35.0,인천,vip,web,가전,29900.0,1,29900.0
O00766,27.0,경기,silver,web,도서,9900.0,3,29700.0
O00767,27.0,인천,basic,app,뷰티,19900.0,2,39800.0
O00768,22.0,서울,silver,app,패션,249900.0,3,749700.0
O00769,39.0,서울,basic,web,패션,89900.0,2,179800.0
O00770,31.0,서울,basic,web,식품,29900.0,1,29900.0
O00771,39.0,부산,vip,APP,패션,29900.0,1,29900.0
O00772,44.0,인천,basic,web,패션,9900.0,2,19800.0
O00773,47.0,경기,silver,web,패션,29900.0,1,29900.0
O00774,28.0,부산,basic,web,가전,9900.0,2,19800.0
O00775,34.0,서울,basic,web,가전,19900.0,2,39800.0
O00776,27.0,경기,vip,app,패션,19900.0,2,39800.0
O00777,38.0,경기,gold,web,가전,29900.0,3,89700.0
O00778,30.0,경기,basic,app,패션,49900.0,1,49900.0
O00779,43.0,서울,silver,web,뷰티,89900.0,2,179800.0
O00780,32.0,경기,basic,web,도서,19900.0,1,19900.0
O00781,16.0,부산,basic,app,식품,19900.0,1,19900.0
O00782,35.0,경기,silver,app,도서,49900.0,1,49900.0
O00783,46.0,부산,basic,web,뷰티,29900.0,1,29900.0
O00784,45.0,경기,gold,app,뷰티,9900.0,1,9900.0
O00785,25.0,인천,basic,app,식품,19900.0,2,39800.0
O00786,51.0,경기,basic,app,가전,19900.0,1,19900.0
O00787,47.0,인천,gold,app,패션,19900.0,1,19900.0
O00788,35.0,경기,basic,app,가전,129900.0,1,129900.0
O00789,45.0,부산,silver,web,패션,19900.0,2,39800.0
O00790,34.0,서울,gold,web,패션,9900.0,1,9900.0
O00791,42.0,서울,silver,web,식품,29900.0,3,89700.0
O00792,33.0,대구,vip,web,가전,9900.0,3,29700.0
O00793,19.0,서울,basic,web,뷰티,249900.0,3,749700.0
O00794,36.0,서울,basic,web,뷰티,19900.0,2,39800.0
O00795,26.0,경기,silver,web,식품,19900.0,3,59700.0
O00796,46.0,대구,basic,web,가전,89900.0,2,179800.0
O00797,46.0,부산,vip,web,도서,9900.0,3,29700.0
O00798,23.0,대구,silver,web,도서,19900.0,2,39800.0
O00799,35.0,대구,silver,app,뷰티,9900.0,2,19800.0
O00800,37.0,경기,silver,app,식품,129900.0,1,129900.0
O00801,37.0,서울,silver,web,도서,19900.0,2,39800.0
O00802,17.0,서울,basic,web,가전,29900.0,1,29900.0
O00803,36.0,서울,basic,app,뷰티,9900.0,1,9900.0
O00804,23.0,경기,basic,web,도서,19900.0,1,19900.0
O00805,30.0,대구,basic,app,가전,9900.0,2,19800.0
O00806,24.0,서울,silver,app,도서,29900.0,3,89700.0
O00807,24.0,인천,basic,web,도서,89900.0,1,89900.0
O00808,23.0,부산,vip,app,뷰티,29900.0,3,89700.0
O00809,36.0,부산,basic,app,뷰티,19900.0,1,19900.0
O00810,28.0,서울,basic,app,식품,29900.0,2,59800.0
O00811,47.0,서울,gold,web,가전,19900.0,1,19900.0
O00812,30.0,부산,silver,web,도서,9900.0,2,
O00813,54.0,경기,basic,app ,가전,29900.0,2,59800.0
O00814,33.0,서울,silver,APP,도서,9900.0,1,9900.0
O00815,28.0,서울,basic,app,뷰티,19900.0,2,39800.0
O00816,39.0,서울,basic,web,뷰티,9900.0,1,9900.0
O00817,37.0,대구,vip,app,패션,89900.0,2,179800.0
O00818,40.0,인천,gold,app,패션,9900.0,3,
O00819,27.0,대구,silver,app,도서,19900.0,1,19900.0
O00820,29.0,인천,basic,APP,식품,19900.0,1,19900.0
O00821,28.0,경기,silver,app,가전,19900.0,2,39800.0
O00822,22.0,인천,basic,web,패션,19900.0,1,19900.0
O00823,33.0,서울,basic,web,뷰티,19900.0,1,19900.0
O00824,39.0,부산,vip,APP,가전,9900.0,1,9900.0
O00825,34.0,서울,basic,APP,식품,49900.0,1,49900.0
O00826,42.0,서울,basic,app ,패션,9900.0,2,19800.0
O00827,24.0,인천,gold,web,뷰티,29900.0,1,29900.0
O00828,37.0,경기,silver,web,패션,19900.0,3,59700.0
O00829,,인천,silver,app,패션,29900.0,3,89700.0
O00830,43.0,경기,basic,web,가전,9900.0,1,9900.0
O00831,29.0,서울,basic,app,뷰티,49900.0,2,99800.0
O00832,35.0,서울,basic,web,식품,9900.0,2,19800.0
O00833,40.0,서울,basic,app,가전,49900.0,2,99800.0
O00834,34.0,경기,basic,app,도서,89900.0,1,89900.0
O00835,20.0,인천,gold,web,식품,29900.0,2,59800.0
O00836,41.0,서울,silver,app ,뷰티,19900.0,1,19900.0
O00837,43.0,경기,silver,web,패션,19900.0,1,19900.0
O00838,37.0,대구,basic,app,뷰티,9900.0,2,19800.0
O00839,25.0,서울,silver,web,뷰티,29900.0,1,29900.0
O00840,20.0,대구,basic,app,뷰티,29900.0,2,59800.0
O00841,30.0,인천,basic,app,식품,9900.0,1,9900.0
O00842,33.0,경기,silver,web,패션,89900.0,1,89900.0
O00843,30.0,경기,silver,web,패션,19900.0,1,19900.0
O00844,39.0,서울,vip,web,뷰티,49900.0,3,149700.0
O00845,50.0,경기,gold,web,도서,19900.0,1,19900.0
O00846,34.0,부산,basic,web,도서,129900.0,2,259800.0
O00847,40.0,서울,basic,web,식품,29900.0,1,29900.0
O00848,38.0,서울,basic,web,도서,49900.0,1,49900.0
O00849,43.0,서울,basic,APP,도서,129900.0,2,259800.0
O00850,39.0,서울,basic,app,패션,129900.0,1,129900.0
O00851,32.0,서울,basic,web,뷰티,19900.0,1,19900.0
O00852,28.0,인천,basic,app ,도서,9900.0,1,9900.0
O00853,31.0,경기,silver,APP,패션,19900.0,1,19900.0
O00854,28.0,경기,vip,app,식품,29900.0,1,29900.0
O00855,39.0,서울,gold,web,식품,9900.0,2,19800.0
O00856,47.0,서울,basic,app,식품,9900.0,2,19800.0
O00857,40.0,경기,basic,app,도서,249900.0,1,249900.0
O00858,24.0,부산,basic,app,뷰티,89900.0,3,269700.0
O00859,36.0,서울,basic,web,패션,9900.0,1,9900.0
O00860,55.0,경기,vip,web,도서,29900.0,1,29900.0
O00861,32.0,경기,basic,web,패션,49900.0,1,49900.0
O00862,35.0,대구,silver,app,패션,19900.0,1,19900.0
O00863,40.0,서울,basic,app,뷰티,89900.0,2,179800.0
O00864,37.0,서울,silver,web,도서,29900.0,1,29900.0
O00865,50.0,경기,gold,app,뷰티,19900.0,1,19900.0
O00866,24.0,서울,basic,web,도서,19900.0,1,19900.0
O00867,41.0,경기,basic,web,가전,9900.0,1,
O00868,28.0,대구,silver,web,식품,129900.0,2,259800.0
O00869,33.0,서울,basic,app,식품,29900.0,3,89700.0
O00870,40.0,경기,basic,web,식품,9900.0,2,19800.0
O00871,20.0,서울,basic,web,가전,19900.0,1,19900.0
O00872,51.0,경기,basic,web,가전,19900.0,1,19900.0
O00873,36.0,대구,basic,web,도서,19900.0,2,39800.0
O00874,,경기,basic,app ,도서,9900.0,2,19800.0
O00875,20.0,서울,gold,web,패션,249900.0,2,499800.0
O00876,35.0,서울,basic,app ,가전,9900.0,1,9900.0
O00877,44.0,경기,basic,web,뷰티,9900.0,1,9900.0
O00878,45.0,인천,gold,APP,패션,19900.0,2,39800.0
O00879,35.0,경기,gold,web,식품,89900.0,2,179800.0
O00880,35.0,경기,silver,web,패션,19900.0,2,39800.0
O00881,39.0,인천,vip,web,가전,19900.0,2,39800.0
O00882,40.0,서울,basic,app,패션,49900.0,1,49900.0
O00883,52.0,대구,basic,web,도서,89900.0,2,179800.0
O00884,33.0,경기,gold,app,식품,19900.0,1,19900.0
O00885,25.0,서울,vip,web,뷰티,9900.0,2,19800.0
O00886,47.0,부산,basic,web,패션,129900.0,1,129900.0
O00887,32.0,서울,silver,app,패션,49900.0,2,99800.0
O00888,48.0,서울,basic,app,패션,49900.0,2,99800.0
O00889,39.0,서울,basic,app,뷰티,9900.0,2,19800.0
O00890,33.0,부산,gold,APP,패션,9900.0,3,29700.0
O00891,,서울,gold,app,가전,19900.0,2,39800.0
O00892,34.0,경기,basic,web,식품,19900.0,1,19900.0
O00893,51.0,서울,basic,web,식품,9900.0,1,9900.0
O00894,41.0,경기,vip,web,패션,19900.0,2,39800.0
O00895,25.0,서울,silver,app ,도서,29900.0,2,59800.0
O00896,37.0,부산,silver,web,식품,29900.0,3,
O00897,52.0,대구,basic,app,식품,9900.0,3,29700.0
O00898,44.0,서울,basic,web,가전,249900.0,1,249900.0
O00899,33.0,서울,basic,web,도서,9900.0,3,29700.0
O00900,38.0,경기,basic,web,식품,19900.0,2,39800.0
O00901,39.0,부산,basic,web,도서,129900.0,2,259800.0
O00902,35.0,서울,silver,app ,뷰티,129900.0,3,389700.0
O00903,21.0,부산,silver,app,뷰티,19900.0,1,19900.0
O00904,23.0,인천,silver,web,뷰티,19900.0,1,19900.0
O00905,55.0,부산,basic,APP,뷰티,19900.0,1,19900.0
O00906,27.0,경기,basic,web,식품,19900.0,1,19900.0
O00907,36.0,인천,gold,web,도서,89900.0,1,89900.0
O00908,33.0,경기,vip,web,도서,9900.0,1,9900.0
O00909,23.0,서울,gold,web,식품,49900.0,2,99800.0
O00910,44.0,서울,basic,app,패션,29900.0,3,89700.0
O00911,30.0,경기,silver,web,패션,129900.0,1,129900.0
O00912,25.0,경기,gold,app,도서,49900.0,1,49900.0
O00913,46.0,인천,basic,web,가전,19900.0,1,19900.0
O00914,42.0,부산,basic,app,뷰티,9900.0,2,19800.0
O00915,23.0,서울,gold,web,뷰티,129900.0,1,129900.0
O00916,39.0,서울,silver,app ,뷰티,49900.0,3,149700.0
O00917,27.0,부산,silver,app,식품,19900.0,1,19900.0
O00918,37.0,경기,basic,app,가전,9900.0,1,9900.0
O00919,32.0,서울,basic,app,도서,29900.0,1,29900.0
O00920,39.0,대구,silver,app,패션,29900.0,2,59800.0
O00921,40.0,경기,silver,app,가전,9900.0,1,9900.0
O00922,26.0,서울,basic,app,식품,19900.0,2,39800.0
O00923,35.0,경기,basic,APP,패션,19900.0,3,59700.0
O00924,48.0,서울,basic,app,뷰티,19900.0,1,19900.0
O00925,33.0,서울,silver,app,가전,29900.0,2,59800.0
O00926,36.0,부산,basic,web,가전,49900.0,3,149700.0
O00927,36.0,부산,silver,APP,뷰티,49900.0,3,149700.0
O00928,53.0,경기,basic,web,가전,89900.0,1,89900.0
O00929,34.0,서울,silver,app,가전,29900.0,3,89700.0
O00930,38.0,경기,basic,web,가전,49900.0,3,149700.0
O00931,45.0,경기,gold,app,뷰티,89900.0,2,179800.0
O00932,49.0,경기,basic,web,패션,29900.0,1,29900.0
O00933,38.0,서울,basic,web,도서,89900.0,1,89900.0
O00934,37.0,부산,gold,app,뷰티,129900.0,1,129900.0
O00935,37.0,서울,basic,web,패션,49900.0,1,49900.0
O00936,48.0,서울,basic,app,식품,49900.0,1,49900.0
O00937,24.0,부산,basic,app,가전,19900.0,2,39800.0
O00938,27.0,부산,basic,web,식품,29900.0,2,59800.0
O00939,38.0,서울,basic,app,뷰티,19900.0,1,19900.0
O00940,35.0,서울,basic,web,패션,29900.0,1,29900.0
O00941,46.0,경기,silver,web,가전,49900.0,2,99800.0
O00942,30.0,대구,basic,app,가전,19900.0,1,19900.0
O00943,48.0,서울,basic,web,패션,19900.0,1,19900.0
O00944,39.0,경기,basic,web,뷰티,9900.0,3,29700.0
O00945,39.0,서울,silver,web,패션,29900.0,1,29900.0
O00946,30.0,부산,silver,app,패션,129900.0,2,259800.0
O00947,33.0,경기,gold,app,도서,29900.0,1,29900.0
O00948,40.0,서울,silver,web,패션,49900.0,1,49900.0
O00949,33.0,부산,basic,app,패션,19900.0,3,59700.0
O00950,40.0,경기,basic,web,도서,129900.0,2,259800.0
O00951,21.0,서울,gold,app,가전,49900.0,2,99800.0
O00952,38.0,경기,silver,web,가전,29900.0,1,29900.0
O00953,45.0,대구,basic,web,가전,29900.0,3,89700.0
O00954,42.0,인천,basic,app,도서,29900.0,2,59800.0
O00955,44.0,경기,basic,web,도서,49900.0,1,49900.0
O00956,44.0,부산,basic,web,뷰티,129900.0,2,259800.0
O00957,44.0,서울,basic,web,뷰티,19900.0,3,
O00958,30.0,경기,basic,app,가전,19900.0,1,19900.0
O00959,45.0,인천,basic,web,뷰티,49900.0,2,99800.0
O00960,38.0,서울,gold,app,패션,9900.0,1,9900.0
O00961,36.0,대구,basic,web,뷰티,9900.0,1,9900.0
O00962,40.0,인천,gold,app ,도서,89900.0,1,89900.0
O00963,29.0,부산,gold,APP,식품,9900.0,1,9900.0
O00964,43.0,서울,basic,web,식품,9900.0,1,9900.0
O00965,40.0,서울,gold,web,패션,49900.0,1,49900.0
O00966,30.0,서울,basic,web,도서,9900.0,1,9900.0
O00967,30.0,부산,basic,web,식품,29900.0,2,59800.0
O00968,36.0,경기,basic,app,뷰티,9900.0,1,9900.0
O00969,41.0,인천,basic,app,가전,19900.0,2,39800.0
O00970,39.0,서울,basic,web,식품,49900.0,2,99800.0
O00971,39.0,인천,gold,APP,가전,9900.0,1,9900.0
O00972,30.0,인천,gold,app,뷰티,19900.0,1,19900.0
O00973,,부산,basic,web,뷰티,49900.0,1,49900.0
O00974,36.0,서울,basic,web,식품,89900.0,2,179800.0
O00975,11.0,서울,vip,web,가전,9900.0,3,29700.0
O00976,38.0,서울,basic,app,식품,89900.0,2,179800.0
O00977,51.0,서울,basic,web,뷰티,49900.0,1,49900.0
O00978,30.0,부산,silver,web,뷰티,49900.0,2,99800.0
O00979,38.0,경기,silver,app,식품,19900.0,3,59700.0
O00980,19.0,부산,basic,app,뷰티,9900.0,1,9900.0
O00981,40.0,서울,basic,web,식품,9900.0,2,19800.0
O00982,20.0,서울,basic,web,가전,19900.0,2,39800.0
O00983,31.0,인천,gold,web,뷰티,89900.0,3,269700.0
O00984,44.0,대구,silver,app,뷰티,49900.0,1,49900.0
O00985,43.0,서울,gold,app,식품,89900.0,2,179800.0
O00986,18.0,부산,basic,web,가전,9900.0,2,19800.0
O00987,32.0,경기,basic,web,식품,9900.0,2,19800.0
O00988,35.0,서울,gold,web,식품,29900.0,1,29900.0
O00989,46.0,경기,basic,web,도서,19900.0,2,39800.0
O00990,38.0,서울,basic,app,뷰티,49900.0,3,149700.0
O00991,40.0,서울,basic,app,뷰티,19900.0,1,19900.0
O00992,,대구,basic,app,가전,29900.0,2,59800.0
O00993,28.0,부산,silver,app,도서,129900.0,1,129900.0
O00994,33.0,서울,vip,web,도서,29900.0,3,89700.0
O00995,47.0,부산,silver,web,뷰티,49900.0,1,49900.0
O00996,51.0,서울,basic,web,식품,9900.0,1,9900.0
O00997,40.0,인천,gold,app,뷰티,19900.0,3,59700.0
O00998,38.0,경기,basic,app,도서,29900.0,1,29900.0
O00999,32.0,경기,basic,APP,뷰티,19900.0,1,19900.0
O01000,48.0,서울,basic,web,뷰티,9900.0,2,19800.0
O01001,27.0,서울,gold,app,도서,29900.0,1,29900.0
O01002,35.0,경기,basic,app,패션,49900.0,2,99800.0
O01003,38.0,서울,gold,app,도서,29900.0,1,29900.0
O01004,20.0,인천,silver,app,가전,29900.0,3,
O01005,45.0,서울,basic,APP,뷰티,9900.0,2,19800.0
O01006,45.0,서울,gold,web,뷰티,29900.0,1,29900.0
O01007,27.0,서울,basic,app,뷰티,49900.0,2,
O01008,30.0,경기,basic,web,도서,129900.0,2,259800.0
O01009,44.0,대구,vip,app,뷰티,9900.0,2,19800.0
O01010,25.0,서울,silver,app ,뷰티,89900.0,1,89900.0
O01011,31.0,부산,basic,app ,패션,29900.0,1,29900.0
O01012,47.0,서울,silver,app,패션,129900.0,2,259800.0
O01013,54.0,인천,silver,app ,도서,29900.0,1,29900.0
O01014,38.0,경기,silver,web,식품,29900.0,1,29900.0
O01015,20.0,서울,silver,web,뷰티,249900.0,1,249900.0
O01016,42.0,부산,silver,web,뷰티,49900.0,3,149700.0
O01017,27.0,인천,basic,app,가전,29900.0,3,89700.0
O01018,31.0,서울,basic,app,도서,9900.0,1,9900.0
O01019,39.0,서울,gold,app,패션,19900.0,1,19900.0
O01020,24.0,서울,vip,web,가전,9900.0,1,9900.0
O01021,24.0,경기,basic,app,도서,29900.0,2,59800.0
O01022,37.0,대구,basic,app,패션,9900.0,3,29700.0
O01023,34.0,인천,basic,web,뷰티,9900.0,3,29700.0
O01024,19.0,서울,basic,web,패션,9900.0,1,9900.0
O01025,36.0,서울,basic,app,뷰티,19900.0,2,39800.0
O01026,32.0,경기,basic,web,가전,29900.0,3,89700.0
O01027,34.0,경기,basic,app,식품,19900.0,2,39800.0
O01028,32.0,서울,basic,web,식품,19900.0,2,39800.0
O01029,13.0,경기,silver,web,패션,19900.0,2,39800.0
O01030,41.0,대구,basic,web,가전,49900.0,1,49900.0
O01031,37.0,서울,vip,app,가전,19900.0,2,39800.0
O01032,37.0,서울,basic,app,식품,29900.0,1,29900.0
O01033,52.0,인천,gold,app,패션,29900.0,2,59800.0
O01034,33.0,서울,silver,web,가전,29900.0,1,29900.0
O01035,43.0,서울,gold,web,식품,29900.0,1,29900.0
O01036,36.0,서울,basic,web,식품,9900.0,2,19800.0
O01037,39.0,부산,basic,web,가전,9900.0,2,19800.0
O01038,39.0,서울,silver,web,식품,29900.0,3,89700.0
O01039,29.0,서울,basic,APP,식품,29900.0,2,
O01040,47.0,경기,basic,app,식품,29900.0,1,29900.0
O01041,37.0,부산,silver,web,가전,29900.0,3,89700.0
O01042,37.0,부산,basic,APP,패션,9900.0,2,19800.0
O01043,37.0,경기,gold,app,식품,89900.0,1,89900.0
O01044,34.0,대구,basic,web,뷰티,129900.0,3,389700.0
O01045,42.0,서울,silver,web,뷰티,49900.0,1,49900.0
O01046,27.0,경기,silver,app,식품,49900.0,2,99800.0
O01047,49.0,서울,gold,web,패션,29900.0,1,29900.0
O01048,46.0,경기,basic,web,가전,29900.0,1,29900.0
O01049,43.0,서울,basic,web,도서,19900.0,2,39800.0
O01050,34.0,서울,basic,app,가전,89900.0,2,179800.0
O01051,28.0,대구,vip,app ,가전,9900.0,2,19800.0
O01052,26.0,서울,basic,web,뷰티,29900.0,2,59800.0
O01053,36.0,경기,silver,app ,패션,89900.0,3,269700.0
O01054,46.0,대구,basic,web,식품,129900.0,2,259800.0
O01055,49.0,서울,vip,web,도서,49900.0,2,99800.0
O01056,33.0,서울,basic,web,식품,29900.0,1,
O01057,31.0,경기,silver,web,뷰티,249900.0,2,499800.0
O01058,22.0,서울,basic,web,식품,9900.0,3,29700.0
O01059,31.0,서울,gold,web,뷰티,19900.0,2,39800.0
O01060,33.0,경기,basic,app,도서,29900.0,1,29900.0
O01061,47.0,서울,silver,web,뷰티,19900.0,2,39800.0
O01062,32.0,서울,silver,web,뷰티,89900.0,3,269700.0
O01063,44.0,서울,basic,app ,패션,49900.0,1,49900.0
O01064,40.0,부산,basic,app,식품,9900.0,2,
O01065,33.0,부산,basic,web,가전,29900.0,2,59800.0
O01066,48.0,경기,gold,app,식품,89900.0,2,
O01067,43.0,서울,basic,app,뷰티,9900.0,1,9900.0
O01068,47.0,인천,basic,web,도서,9900.0,1,9900.0
O01069,24.0,서울,basic,web,가전,29900.0,1,29900.0
O01070,43.0,부산,basic,web,뷰티,29900.0,1,29900.0
O01071,46.0,서울,basic,web,도서,89900.0,2,179800.0
O01072,27.0,대구,basic,app,패션,9900.0,3,29700.0
O01073,39.0,부산,silver,web,가전,9900.0,3,29700.0
O01074,48.0,경기,silver,web,식품,9900.0,1,9900.0
O01075,45.0,경기,vip,web,식품,19900.0,1,19900.0
O01076,28.0,경기,silver,app,패션,249900.0,1,249900.0
O01077,33.0,부산,gold,app,패션,9900.0,1,9900.0
O01078,30.0,경기,basic,web,식품,19900.0,1,19900.0
O01079,21.0,부산,silver,web,가전,9900.0,3,
O01080,35.0,서울,basic,app,식품,19900.0,2,39800.0
O01081,38.0,경기,basic,web,가전,49900.0,1,49900.0
O01082,37.0,부산,basic,web,패션,9900.0,3,29700.0
O01083,29.0,경기,silver,web,패션,9900.0,1,9900.0
O01084,17.0,대구,basic,web,패션,9900.0,2,19800.0
O01085,27.0,경기,basic,app ,가전,129900.0,1,129900.0
O01086,42.0,서울,basic,web,식품,19900.0,2,39800.0
O01087,45.0,인천,vip,app,패션,249900.0,2,499800.0
O01088,34.0,경기,basic,app,도서,19900.0,1,19900.0
O01089,35.0,경기,vip,app,뷰티,9900.0,1,9900.0
O01090,28.0,경기,vip,web,도서,249900.0,3,749700.0
O01091,37.0,인천,silver,web,뷰티,89900.0,3,269700.0
O01092,29.0,서울,vip,app,패션,19900.0,1,19900.0
O01093,41.0,인천,vip,web,패션,29900.0,3,89700.0
O01094,57.0,경기,gold,web,가전,9900.0,2,
O01095,28.0,서울,silver,APP,뷰티,9900.0,1,9900.0
O01096,54.0,서울,basic,app ,도서,29900.0,3,89700.0
O01097,37.0,대구,basic,web,패션,249900.0,1,249900.0
O01098,31.0,대구,basic,app,패션,29900.0,2,59800.0
O01099,41.0,경기,basic,app,패션,9900.0,2,
O01100,40.0,서울,silver,web,패션,89900.0,1,89900.0
O01101,35.0,대구,basic,web,패션,9900.0,1,9900.0
O01102,24.0,서울,gold,web,가전,19900.0,1,19900.0
O01103,38.0,서울,basic,app,뷰티,9900.0,2,19800.0
O01104,48.0,경기,silver,APP,패션,89900.0,2,179800.0
O01105,46.0,경기,basic,web,패션,19900.0,2,39800.0
O01106,32.0,서울,basic,APP,가전,19900.0,1,19900.0
O01107,33.0,서울,gold,web,식품,9900.0,2,19800.0
O01108,52.0,서울,basic,web,도서,49900.0,2,99800.0
O01109,15.0,서울,silver,web,패션,9900.0,1,
O01110,27.0,서울,basic,app,패션,89900.0,2,179800.0
O01111,37.0,서울,silver,web,도서,29900.0,3,89700.0
O01112,31.0,서울,basic,app,도서,9900.0,1,9900.0
O01113,,서울,basic,APP,도서,49900.0,1,49900.0
O01114,36.0,서울,silver,app,패션,9900.0,3,29700.0
O01115,27.0,부산,basic,web,패션,19900.0,3,59700.0
O01116,28.0,경기,silver,web,도서,29900.0,2,59800.0
O01117,21.0,서울,basic,APP,뷰티,89900.0,3,269700.0
O01118,26.0,부산,gold,app,가전,89900.0,2,179800.0
O01119,29.0,부산,basic,app,가전,49900.0,2,99800.0
O01120,36.0,서울,vip,web,식품,9900.0,1,9900.0
O01121,35.0,서울,vip,APP,뷰티,29900.0,2,59800.0
O01122,32.0,부산,gold,web,뷰티,29900.0,2,59800.0
O01123,35.0,부산,basic,app,패션,249900.0,1,249900.0
O01124,24.0,인천,silver,web,패션,9900.0,2,19800.0
O01125,36.0,부산,vip,APP,뷰티,29900.0,2,59800.0
O01126,48.0,경기,silver,app,가전,249900.0,1,249900.0
O01127,26.0,서울,silver,web,가전,29900.0,1,29900.0
O01128,41.0,서울,basic,app,가전,29900.0,1,29900.0
O01129,34.0,서울,basic,APP,뷰티,19900.0,1,19900.0
O01130,26.0,인천,silver,app,식품,29900.0,2,59800.0
O01131,32.0,경기,basic,web,도서,29900.0,2,59800.0
O01132,16.0,서울,basic,web,뷰티,89900.0,2,179800.0
O01133,40.0,서울,basic,web,가전,29900.0,2,59800.0
O01134,43.0,서울,basic,web,가전,9900.0,1,9900.0
O01135,21.0,부산,gold,web,도서,29900.0,2,59800.0
O01136,29.0,서울,basic,web,가전,19900.0,1,19900.0
O01137,26.0,서울,vip,web,가전,129900.0,1,129900.0
O01138,31.0,서울,basic,APP,뷰티,19900.0,1,19900.0
O01139,39.0,서울,silver,app,도서,89900.0,1,89900.0
O01140,44.0,부산,silver,web,도서,29900.0,1,29900.0
O01141,42.0,경기,silver,web,패션,19900.0,2,39800.0
O01142,,경기,gold,app,도서,49900.0,2,99800.0
O01143,51.0,대구,gold,web,가전,89900.0,1,89900.0
O01144,31.0,인천,gold,app,패션,9900.0,2,19800.0
O01145,33.0,서울,basic,web,도서,9900.0,2,19800.0
O01146,32.0,서울,basic,app ,도서,89900.0,1,89900.0
O01147,25.0,경기,basic,app,패션,9900.0,1,9900.0
O01148,30.0,서울,basic,web,가전,89900.0,2,179800.0
O01149,16.0,부산,silver,app,도서,129900.0,2,259800.0
O01150,33.0,부산,silver,web,식품,29900.0,2,59800.0
O01151,44.0,서울,silver,web,패션,49900.0,2,99800.0
O01152,44.0,대구,silver,app ,식품,9900.0,2,19800.0
O01153,35.0,경기,silver,app,가전,19900.0,2,39800.0
O01154,21.0,서울,basic,web,식품,9900.0,1,9900.0
O01155,42.0,경기,gold,web,뷰티,19900.0,1,19900.0
O01156,47.0,부산,gold,app,식품,249900.0,1,249900.0
O01157,43.0,부산,gold,web,가전,29900.0,2,59800.0
O01158,33.0,대구,vip,app,식품,29900.0,2,59800.0
O01159,46.0,대구,basic,web,가전,49900.0,1,49900.0
O01160,47.0,경기,basic,web,패션,19900.0,3,59700.0
O01161,46.0,경기,basic,web,도서,49900.0,2,
O01162,24.0,서울,basic,web,가전,19900.0,1,19900.0
O01163,38.0,경기,silver,app,도서,19900.0,1,19900.0
O01164,26.0,서울,silver,app ,패션,19900.0,1,19900.0
O01165,55.0,서울,silver,web,패션,9900.0,2,19800.0
O01166,44.0,인천,basic,web,식품,19900.0,3,59700.0
O01167,35.0,서울,silver,app,식품,9900.0,2,19800.0
O01168,30.0,서울,basic,app,뷰티,9900.0,2,19800.0
O01169,38.0,부산,basic,app,가전,89900.0,1,89900.0
O01170,48.0,경기,basic,app,뷰티,19900.0,2,39800.0
O01171,26.0,경기,gold,app,뷰티,129900.0,1,129900.0
O01172,44.0,인천,basic,app,도서,29900.0,1,29900.0
O01173,35.0,서울,gold,web,뷰티,29900.0,1,29900.0
O01174,48.0,서울,silver,app,도서,29900.0,3,89700.0
O01175,51.0,경기,silver,web,패션,89900.0,1,89900.0
O01176,24.0,서울,basic,web,패션,19900.0,1,19900.0
O01177,27.0,부산,vip,app,도서,89900.0,2,179800.0
O01178,27.0,대구,silver,web,식품,49900.0,1,49900.0
O01179,38.0,인천,basic,app,뷰티,29900.0,1,29900.0
O01180,26.0,인천,gold,app,도서,19900.0,3,59700.0
O01181,41.0,서울,basic,app,도서,49900.0,1,49900.0
O01182,22.0,경기,gold,app,가전,49900.0,1,49900.0
O01183,42.0,대구,silver,APP,가전,19900.0,2,39800.0
O01184,30.0,인천,vip,web,뷰티,249900.0,3,749700.0
O01185,37.0,경기,vip,app,가전,9900.0,1,9900.0
O01186,39.0,부산,silver,app,가전,19900.0,1,19900.0
O01187,38.0,서울,gold,APP,패션,9900.0,1,9900.0
O01188,18.0,서울,basic,web,가전,29900.0,1,29900.0
O01189,29.0,서울,gold,web,뷰티,9900.0,2,19800.0
O01190,28.0,대구,silver,app,가전,9900.0,3,29700.0
O01191,45.0,서울,vip,app,가전,49900.0,1,49900.0
O01192,43.0,대구,gold,web,식품,49900.0,1,49900.0
O01193,52.0,서울,silver,app ,식품,129900.0,1,129900.0
O01194,27.0,부산,gold,APP,뷰티,9900.0,1,9900.0
O01195,28.0,경기,silver,web,뷰티,19900.0,2,
O01196,38.0,서울,basic,web,가전,9900.0,1,9900.0
O01197,48.0,부산,vip,app,식품,19900.0,2,39800.0
O01198,39.0,부산,basic,web,패션,29900.0,2,59800.0
O01199,24.0,부산,basic,web,패션,29900.0,1,29900.0
O01200,42.0,부산,basic,web,패션,29900.0,1,29900.0
O01201,47.0,부산,basic,app,패션,19900.0,1,19900.0
O01202,46.0,부산,basic,web,패션,9900.0,2,19800.0
O01203,44.0,서울,silver,app ,도서,9900.0,1,
O01204,27.0,대구,basic,app,식품,19900.0,2,39800.0
O01205,36.0,경기,silver,web,뷰티,29900.0,2,59800.0
O01206,49.0,서울,vip,web,뷰티,49900.0,2,99800.0
O01207,20.0,대구,gold,web,가전,29900.0,1,29900.0
O01208,34.0,서울,silver,web,가전,9900.0,1,9900.0
O01209,27.0,경기,silver,app,패션,29900.0,3,89700.0
O01210,39.0,부산,gold,app,도서,9900.0,3,29700.0
O01211,26.0,부산,basic,app,뷰티,9900.0,2,19800.0
O01212,31.0,서울,gold,web,뷰티,49900.0,1,49900.0
O01213,25.0,서울,silver,app,뷰티,19900.0,2,39800.0
O01214,38.0,경기,basic,APP,도서,9900.0,1,9900.0
O01215,39.0,경기,basic,web,뷰티,19900.0,2,39800.0
O01216,38.0,부산,basic,web,패션,19900.0,2,39800.0
O01217,37.0,서울,basic,app,패션,29900.0,1,29900.0
O01218,37.0,인천,basic,web,도서,19900.0,1,19900.0
O01219,41.0,부산,basic,web,식품,49900.0,2,99800.0
O01220,32.0,인천,silver,app,뷰티,89900.0,2,179800.0
O01221,,부산,basic,app,도서,19900.0,1,19900.0
O01222,43.0,부산,gold,APP,패션,29900.0,3,89700.0
O01223,25.0,경기,basic,web,뷰티,29900.0,2,59800.0
O01224,41.0,인천,gold,app,패션,129900.0,2,259800.0
O01225,19.0,서울,silver,web,패션,49900.0,2,99800.0
O01226,24.0,부산,basic,app,도서,9900.0,3,29700.0
O01227,37.0,부산,gold,app,식품,19900.0,1,19900.0
O01228,34.0,부산,silver,web,식품,29900.0,2,59800.0
O01229,48.0,서울,basic,app,가전,49900.0,1,49900.0
O01230,30.0,서울,gold,app,뷰티,49900.0,1,49900.0
O01231,44.0,대구,basic,web,가전,29900.0,1,29900.0
O01232,24.0,부산,silver,web,식품,19900.0,1,19900.0
O01233,49.0,서울,silver,web,도서,49900.0,1,49900.0
O01234,28.0,경기,silver,app ,패션,19900.0,1,19900.0
O01235,33.0,인천,silver,app,가전,19900.0,2,
O01236,28.0,인천,gold,app,패션,19900.0,2,39800.0
O01237,30.0,경기,gold,web,식품,89900.0,1,89900.0
O01238,32.0,서울,basic,app,도서,9900.0,1,9900.0
O01239,25.0,서울,silver,web,도서,19900.0,1,19900.0
O01240,51.0,서울,basic,app,식품,49900.0,2,99800.0
O01241,41.0,서울,basic,web,뷰티,29900.0,3,89700.0
O01242,37.0,서울,basic,app ,식품,19900.0,1,19900.0
O01243,30.0,부산,gold,web,패션,29900.0,3,89700.0
O01244,39.0,부산,basic,web,도서,49900.0,2,99800.0
O01245,38.0,경기,basic,app,뷰티,29900.0,1,29900.0
O01246,37.0,인천,basic,web,식품,9900.0,2,19800.0
O01247,27.0,서울,silver,app,도서,29900.0,3,89700.0
O01248,41.0,서울,gold,web,가전,9900.0,3,29700.0
O01249,44.0,경기,gold,app,가전,49900.0,3,149700.0
O01250,38.0,경기,basic,app,패션,9900.0,3,29700.0
O01251,35.0,서울,basic,web,가전,19900.0,1,19900.0
O01252,34.0,대구,basic,web,가전,29900.0,3,89700.0
O01253,19.0,경기,gold,app,패션,89900.0,1,89900.0
O01254,33.0,경기,vip,web,식품,9900.0,3,29700.0
O01255,43.0,서울,basic,app,식품,19900.0,1,19900.0
O01256,28.0,경기,gold,web,뷰티,29900.0,1,29900.0
O01257,47.0,서울,silver,app,뷰티,29900.0,1,29900.0
O01258,30.0,서울,vip,web,뷰티,49900.0,2,99800.0
O01259,15.0,경기,silver,app,뷰티,19900.0,3,59700.0
O01260,32.0,경기,vip,web,도서,89900.0,1,89900.0
O01261,34.0,경기,silver,APP,패션,19900.0,1,19900.0
O01262,30.0,서울,basic,app ,뷰티,29900.0,2,59800.0
O01263,38.0,서울,gold,app,뷰티,19900.0,3,59700.0
O01264,31.0,대구,basic,app,뷰티,29900.0,3,89700.0
O01265,38.0,대구,gold,app,가전,9900.0,1,9900.0
O01266,40.0,인천,silver,web,도서,49900.0,3,149700.0
O01267,35.0,서울,basic,web,식품,9900.0,3,29700.0
O01268,29.0,서울,basic,web,도서,19900.0,3,59700.0
O01269,25.0,서울,vip,web,뷰티,29900.0,3,89700.0
O01270,34.0,인천,basic,app,도서,19900.0,3,59700.0
O01271,38.0,서울,basic,APP,식품,249900.0,2,499800.0
O01272,,서울,vip,APP,패션,49900.0,1,49900.0
O01273,41.0,서울,basic,web,뷰티,9900.0,3,29700.0
O01274,19.0,부산,basic,web,가전,249900.0,3,749700.0
O01275,18.0,경기,basic,app,패션,19900.0,1,19900.0
O01276,29.0,인천,gold,web,패션,89900.0,3,269700.0
O01277,28.0,서울,vip,app,가전,19900.0,1,19900.0
O01278,30.0,서울,basic,app,패션,29900.0,1,29900.0
O01279,36.0,인천,basic,app,도서,49900.0,1,49900.0
O01280,25.0,서울,vip,app,가전,19900.0,1,19900.0
O01281,33.0,부산,silver,web,도서,249900.0,2,499800.0
O01282,24.0,경기,gold,app,식품,89900.0,2,179800.0
O01283,,서울,basic,web,식품,19900.0,1,19900.0
O01284,49.0,서울,basic,app,뷰티,49900.0,1,49900.0
O01285,37.0,부산,gold,app ,가전,19900.0,3,59700.0
O01286,36.0,서울,basic,app,식품,89900.0,2,179800.0
O01287,51.0,대구,basic,app,식품,9900.0,1,9900.0
O01288,34.0,서울,basic,web,도서,49900.0,1,49900.0
O01289,41.0,서울,basic,web,식품,19900.0,2,39800.0
O01290,34.0,경기,basic,app ,패션,29900.0,2,59800.0
O01291,37.0,서울,basic,app ,식품,49900.0,2,99800.0
O01292,49.0,대구,basic,app,가전,19900.0,1,19900.0
O01293,16.0,경기,silver,web,뷰티,9900.0,1,9900.0
O01294,9.0,서울,silver,web,패션,19900.0,1,19900.0
O01295,47.0,서울,silver,web,식품,19900.0,2,39800.0
O01296,26.0,경기,basic,app,가전,19900.0,1,19900.0
O01297,46.0,인천,silver,app,패션,19900.0,1,19900.0
O01298,29.0,서울,silver,web,뷰티,49900.0,2,99800.0
O01299,29.0,서울,basic,app,도서,49900.0,2,99800.0
O01300,36.0,경기,basic,app,식품,89900.0,2,179800.0
O01301,27.0,부산,vip,web,도서,19900.0,2,39800.0
O01302,42.0,부산,gold,web,식품,49900.0,1,49900.0
O01303,35.0,서울,basic,app,도서,9900.0,3,29700.0
O01304,41.0,서울,basic,web,도서,19900.0,2,39800.0
O01305,26.0,인천,basic,web,도서,9900.0,1,9900.0
O01306,19.0,대구,basic,web,도서,19900.0,1,19900.0
O01307,33.0,경기,basic,web,도서,49900.0,1,49900.0
O01308,29.0,대구,basic,web,도서,9900.0,1,9900.0
O01309,20.0,서울,basic,APP,뷰티,49900.0,1,49900.0
O01310,43.0,인천,basic,app ,식품,29900.0,1,29900.0
O01311,48.0,대구,basic,app,식품,49900.0,1,49900.0
O01312,32.0,경기,basic,web,패션,29900.0,2,59800.0
O01313,54.0,부산,gold,app,패션,19900.0,1,19900.0
O01314,51.0,서울,vip,web,패션,129900.0,1,129900.0
O01315,40.0,인천,vip,web,뷰티,49900.0,1,49900.0
O01316,33.0,부산,basic,app,패션,89900.0,2,179800.0
O01317,56.0,경기,gold,app,도서,29900.0,3,89700.0
O01318,23.0,경기,silver,app,도서,9900.0,2,19800.0
O01319,49.0,서울,basic,web,가전,29900.0,1,29900.0
O01320,42.0,인천,basic,web,도서,29900.0,1,29900.0
O01321,31.0,경기,silver,web,가전,89900.0,2,
O01322,40.0,경기,silver,app,식품,49900.0,2,99800.0
O01323,37.0,서울,silver,app,가전,9900.0,1,
O01324,33.0,경기,basic,app,도서,19900.0,1,
O01325,30.0,서울,silver,app,가전,49900.0,2,99800.0
O01326,15.0,부산,silver,web,도서,29900.0,1,29900.0
O01327,28.0,서울,silver,app,뷰티,49900.0,1,49900.0
O01328,30.0,서울,basic,app,식품,29900.0,1,29900.0
O01329,41.0,서울,basic,APP,패션,19900.0,2,39800.0
O01330,31.0,경기,basic,web,뷰티,89900.0,2,179800.0
O01331,18.0,인천,basic,web,가전,19900.0,1,19900.0
O01332,37.0,서울,basic,app,가전,9900.0,2,19800.0
O01333,33.0,경기,basic,web,가전,9900.0,1,9900.0
O01334,28.0,서울,gold,web,식품,9900.0,1,9900.0
O01335,38.0,서울,silver,app,도서,29900.0,1,29900.0
O01336,33.0,서울,gold,app,식품,29900.0,3,89700.0
O01337,39.0,서울,basic,web,가전,19900.0,1,19900.0
O01338,34.0,경기,basic,web,가전,9900.0,1,9900.0
O01339,30.0,서울,basic,app,식품,49900.0,2,99800.0
O01340,42.0,서울,gold,app,도서,89900.0,2,179800.0
O01341,35.0,경기,silver,APP,도서,49900.0,2,99800.0
O01342,47.0,서울,gold,web,패션,29900.0,3,89700.0
O01343,42.0,대구,basic,web,도서,89900.0,1,89900.0
O01344,38.0,서울,silver,app,가전,19900.0,3,59700.0
O01345,46.0,대구,basic,app,뷰티,9900.0,1,9900.0
O01346,21.0,서울,vip,web,가전,89900.0,2,179800.0
O01347,22.0,대구,silver,web,패션,29900.0,1,29900.0
O01348,21.0,서울,vip,web,도서,19900.0,1,19900.0
O01349,33.0,서울,silver,web,패션,129900.0,2,259800.0
O01350,46.0,서울,silver,app,도서,19900.0,1,19900.0
O01351,29.0,부산,basic,web,뷰티,249900.0,2,499800.0
O01352,35.0,서울,silver,web,식품,49900.0,2,99800.0
O01353,33.0,서울,gold,APP,가전,19900.0,2,39800.0
O01354,41.0,부산,silver,app,뷰티,129900.0,2,259800.0
O01355,29.0,서울,silver,web,패션,9900.0,3,29700.0
O01356,,경기,gold,app,식품,19900.0,2,39800.0
O01357,36.0,경기,silver,web,패션,89900.0,2,179800.0
O01358,44.0,서울,silver,web,패션,19900.0,2,39800.0
O01359,23.0,대구,silver,app,도서,49900.0,1,49900.0
O01360,30.0,서울,basic,app,뷰티,49900.0,2,99800.0
O01361,28.0,서울,silver,APP,식품,19900.0,1,19900.0
O01362,33.0,부산,gold,web,도서,19900.0,1,19900.0
O01363,37.0,인천,silver,web,도서,19900.0,3,59700.0
O01364,43.0,서울,basic,web,뷰티,9900.0,1,9900.0
O01365,35.0,서울,basic,web,도서,29900.0,1,29900.0
O01366,27.0,대구,silver,web,뷰티,129900.0,1,129900.0
O01367,26.0,경기,silver,web,도서,89900.0,3,269700.0
O01368,37.0,경기,vip,web,도서,29900.0,1,29900.0
O01369,40.0,경기,vip,app ,패션,29900.0,2,59800.0
O01370,22.0,인천,gold,app ,패션,29900.0,1,29900.0
O01371,35.0,경기,silver,web,뷰티,49900.0,1,49900.0
O01372,30.0,부산,silver,web,가전,19900.0,1,19900.0
O01373,40.0,경기,gold,app,뷰티,19900.0,3,59700.0
O01374,23.0,서울,basic,app,식품,9900.0,2,19800.0
O01375,28.0,경기,basic,app,뷰티,29900.0,1,29900.0
O01376,40.0,인천,basic,web,가전,9900.0,2,19800.0
O01377,33.0,경기,silver,web,가전,19900.0,2,39800.0
O01378,42.0,서울,vip,web,패션,49900.0,2,99800.0
O01379,31.0,서울,basic,web,뷰티,29900.0,2,59800.0
O01380,43.0,부산,basic,app,도서,89900.0,1,89900.0
O01381,20.0,서울,basic,app,가전,9900.0,2,19800.0
O01382,27.0,서울,gold,web,뷰티,19900.0,3,59700.0
O01383,41.0,서울,basic,app,뷰티,249900.0,2,499800.0
O01384,44.0,경기,basic,app,식품,9900.0,2,19800.0
O01385,49.0,서울,basic,web,패션,29900.0,1,29900.0
O01386,38.0,서울,basic,web,도서,29900.0,1,29900.0
O01387,41.0,경기,basic,web,가전,129900.0,1,129900.0
O01388,32.0,서울,silver,app,뷰티,89900.0,2,179800.0
O01389,52.0,서울,silver,web,도서,29900.0,1,29900.0
O01390,20.0,경기,basic,app ,가전,249900.0,1,249900.0
O01391,23.0,인천,silver,app,뷰티,9900.0,1,9900.0
O01392,31.0,경기,basic,web,패션,49900.0,1,49900.0
O01393,34.0,경기,vip,app,뷰티,49900.0,1,49900.0
O01394,4.0,인천,basic,app,가전,19900.0,2,39800.0
O01395,48.0,인천,silver,web,가전,129900.0,3,389700.0
O01396,36.0,부산,vip,app,패션,9900.0,3,29700.0
O01397,38.0,경기,basic,app,도서,9900.0,1,9900.0
O01398,19.0,경기,basic,web,뷰티,9900.0,1,9900.0
O01399,36.0,서울,silver,app,도서,19900.0,1,19900.0
O01400,36.0,서울,basic,web,뷰티,89900.0,1,89900.0
O01401,29.0,서울,basic,web,도서,49900.0,3,
O01402,42.0,서울,silver,web,가전,29900.0,1,
O01403,31.0,경기,gold,APP,식품,19900.0,3,59700.0
O01404,38.0,경기,silver,web,식품,89900.0,2,179800.0
O01405,,서울,basic,web,가전,129900.0,1,129900.0
O01406,27.0,인천,silver,app,식품,29900.0,3,89700.0
O01407,51.0,경기,vip,app,도서,129900.0,1,129900.0
O01408,32.0,경기,basic,APP,식품,19900.0,1,19900.0
O01409,33.0,서울,silver,app,뷰티,29900.0,2,59800.0
O01410,36.0,인천,basic,web,가전,19900.0,3,59700.0
O01411,61.0,서울,silver,web,도서,49900.0,1,49900.0
O01412,40.0,서울,basic,app,패션,129900.0,2,259800.0
O01413,29.0,경기,basic,web,패션,29900.0,2,59800.0
O01414,32.0,경기,basic,web,도서,19900.0,1,19900.0
O01415,29.0,경기,gold,app ,뷰티,49900.0,2,99800.0
O01416,39.0,대구,basic,app,도서,19900.0,1,19900.0
O01417,32.0,서울,basic,app,도서,29900.0,2,59800.0
O01418,36.0,부산,silver,web,도서,29900.0,1,29900.0
O01419,44.0,경기,basic,app,뷰티,19900.0,1,19900.0
O01420,41.0,인천,basic,web,패션,9900.0,2,19800.0
O01421,25.0,부산,silver,web,뷰티,19900.0,1,19900.0
O01422,23.0,인천,basic,web,뷰티,9900.0,1,9900.0
O01423,43.0,인천,silver,web,식품,9900.0,2,19800.0
O01424,39.0,부산,silver,app,도서,29900.0,1,29900.0
O01425,29.0,서울,basic,app,가전,9900.0,2,19800.0
O01426,43.0,경기,basic,app,식품,89900.0,2,179800.0
O01427,30.0,부산,gold,app,가전,9900.0,2,19800.0
O01428,24.0,부산,basic,web,식품,9900.0,1,9900.0
O01429,34.0,대구,basic,web,도서,9900.0,1,9900.0
O01430,40.0,경기,basic,web,도서,19900.0,3,59700.0
O01431,41.0,서울,basic,app,뷰티,29900.0,1,
O01432,32.0,부산,gold,app,뷰티,29900.0,1,29900.0
O01433,37.0,서울,basic,web,가전,49900.0,3,149700.0
O01434,28.0,부산,vip,web,가전,129900.0,1,129900.0
O01435,26.0,서울,basic,web,식품,49900.0,2,99800.0
O01436,38.0,서울,silver,web,뷰티,19900.0,3,59700.0
O01437,34.0,경기,silver,web,식품,9900.0,3,29700.0
O01438,,서울,silver,web,식품,49900.0,2,99800.0
O01439,42.0,서울,basic,app,도서,9900.0,3,29700.0
O01440,26.0,서울,basic,web,도서,29900.0,1,29900.0
O01441,32.0,인천,silver,web,도서,19900.0,2,39800.0
O01442,48.0,부산,gold,app,도서,29900.0,2,59800.0
O01443,33.0,경기,basic,app,가전,89900.0,1,89900.0
O01444,52.0,경기,basic,app,패션,29900.0,2,59800.0
O01445,45.0,대구,basic,app,가전,29900.0,1,29900.0
O01446,37.0,서울,vip,app,가전,49900.0,2,99800.0
O01447,36.0,부산,basic,web,식품,19900.0,2,39800.0
O01448,33.0,서울,basic,app,뷰티,29900.0,1,29900.0
O01449,25.0,경기,gold,web,가전,9900.0,1,9900.0
O01450,43.0,서울,basic,web,도서,19900.0,1,19900.0
O01451,35.0,서울,gold,web,도서,29900.0,2,59800.0
O01452,45.0,대구,silver,web,도서,129900.0,1,129900.0
O01453,33.0,서울,vip,app,패션,9900.0,1,
O01454,37.0,대구,basic,web,식품,49900.0,2,99800.0
O01455,52.0,부산,gold,web,뷰티,49900.0,3,149700.0
O01456,34.0,부산,basic,web,가전,29900.0,1,29900.0
O01457,50.0,부산,gold,app,뷰티,9900.0,1,9900.0
O01458,38.0,대구,basic,app,도서,9900.0,1,
O01459,33.0,서울,basic,app,식품,19900.0,2,39800.0
O01460,23.0,대구,gold,app,식품,29900.0,3,89700.0
O01461,49.0,서울,silver,web,뷰티,9900.0,2,19800.0
O01462,34.0,서울,basic,app,식품,49900.0,1,49900.0
O01463,38.0,대구,basic,web,식품,19900.0,1,19900.0
O01464,40.0,서울,gold,web,패션,29900.0,2,59800.0
O01465,24.0,경기,basic,web,식품,49900.0,1,
O01466,33.0,인천,basic,APP,뷰티,9900.0,2,19800.0
O01467,36.0,서울,basic,app,패션,89900.0,2,179800.0
O01468,24.0,부산,gold,app,식품,29900.0,1,29900.0
O01469,48.0,경기,basic,app,패션,249900.0,1,249900.0
O01470,44.0,부산,basic,app,가전,249900.0,2,499800.0
O01471,37.0,서울,silver,web,식품,29900.0,2,59800.0
O01472,26.0,부산,silver,web,식품,19900.0,1,19900.0
O01473,33.0,인천,basic,app,패션,249900.0,1,249900.0
O01474,28.0,서울,basic,app,식품,89900.0,2,179800.0
O01475,53.0,대구,basic,app,식품,249900.0,2,499800.0
O01476,31.0,대구,basic,app,뷰티,29900.0,2,59800.0
O01477,44.0,서울,silver,app,도서,29900.0,1,29900.0
O01478,38.0,대구,basic,app,뷰티,129900.0,2,259800.0
O01479,41.0,대구,vip,web,도서,49900.0,2,99800.0
O01480,28.0,서울,silver,web,뷰티,19900.0,2,39800.0
O01481,41.0,부산,basic,APP,도서,29900.0,3,89700.0
O01482,,대구,gold,app ,가전,29900.0,1,29900.0
O01483,39.0,인천,basic,app,가전,89900.0,1,89900.0
O01484,42.0,서울,gold,app,식품,9900.0,2,
O01485,35.0,경기,basic,web,패션,89900.0,1,89900.0
O01486,42.0,경기,basic,web,도서,89900.0,2,179800.0
O01487,31.0,서울,vip,app ,뷰티,9900.0,2,19800.0
O01488,31.0,서울,basic,web,뷰티,9900.0,2,19800.0
O01489,44.0,서울,vip,web,뷰티,19900.0,1,19900.0
O01490,35.0,서울,basic,app,패션,19900.0,3,59700.0
O01491,41.0,서울,basic,web,식품,49900.0,1,49900.0
O01492,32.0,경기,basic,app,뷰티,9900.0,2,19800.0
O01493,39.0,경기,gold,web,뷰티,29900.0,2,59800.0
O01494,32.0,대구,basic,app,뷰티,19900.0,1,19900.0
O01495,16.0,서울,silver,app,뷰티,89900.0,2,179800.0
O01496,44.0,서울,gold,web,식품,29900.0,2,59800.0
O01497,36.0,인천,basic,web,도서,29900.0,3,89700.0
O01498,27.0,인천,basic,web,식품,9900.0,3,29700.0
O01499,49.0,서울,vip,app,도서,129900.0,1,129900.0
O01500,40.0,부산,silver,app ,뷰티,19900.0,1,19900.0
